S0,strike,T,type,option_price,iv_market,moneyness,expiry,r
735.5999755859375,630.0,0.0767123287671232,put,0.99,0.32723413027687825,0.8564437478375084,2026-06-26,0.05
735.5999755859375,635.0,0.0767123287671232,put,1.08,0.31897647040393395,0.8632409204393934,2026-06-26,0.05
735.5999755859375,640.0,0.0767123287671232,put,1.22,0.31279877940136963,0.8700380930412784,2026-06-26,0.05
735.5999755859375,645.0,0.0767123287671232,put,1.31,0.3033371758330864,0.8768352656431634,2026-06-26,0.05
735.5999755859375,650.0,0.0767123287671232,put,1.48,0.2969883880849775,0.8836324382450483,2026-06-26,0.05
735.5999755859375,655.0,0.0767123287671232,put,1.69,0.29128400559446993,0.8904296108469334,2026-06-26,0.05
735.5999755859375,660.0,0.0767123287671232,put,1.92,0.285199369528604,0.8972267834488183,2026-06-26,0.05
735.5999755859375,665.0,0.0767123287671232,put,2.17,0.2786900914926013,0.9040239560507033,2026-06-26,0.05
735.5999755859375,667.0,0.0767123287671232,put,2.2,0.27356584289934444,0.9067428250914573,2026-06-26,0.05
735.5999755859375,668.0,0.0767123287671232,put,2.31,0.2739593825339705,0.9081022596118343,2026-06-26,0.05
735.5999755859375,669.0,0.0767123287671232,put,2.37,0.27271516443666527,0.9094616941322113,2026-06-26,0.05
735.5999755859375,670.0,0.0767123287671232,put,2.46,0.2723143457084701,0.9108211286525884,2026-06-26,0.05
735.5999755859375,671.0,0.0767123287671232,put,2.73,0.2769705375505971,0.9121805631729653,2026-06-26,0.05
735.5999755859375,672.0,0.0767123287671232,put,2.51,0.267536158871595,0.9135399976933423,2026-06-26,0.05
735.5999755859375,673.0,0.0767123287671232,put,2.64,0.26810391906679726,0.9148994322137193,2026-06-26,0.05
735.5999755859375,674.0,0.0767123287671232,put,2.68,0.26605638672614146,0.9162588667340963,2026-06-26,0.05
735.5999755859375,675.0,0.0767123287671232,put,2.81,0.266429585212415,0.9176183012544733,2026-06-26,0.05
735.5999755859375,676.0,0.0767123287671232,put,2.91,0.2658883546449824,0.9189777357748503,2026-06-26,0.05
735.5999755859375,677.0,0.0767123287671232,put,2.96,0.26396950657311374,0.9203371702952273,2026-06-26,0.05
735.5999755859375,678.0,0.0767123287671232,put,3.05,0.26304255025852313,0.9216966048156043,2026-06-26,0.05
735.5999755859375,679.0,0.0767123287671232,put,3.1,0.26104562751905147,0.9230560393359812,2026-06-26,0.05
735.5999755859375,680.0,0.0767123287671232,put,3.23,0.26099364494752664,0.9244154738563582,2026-06-26,0.05
735.5999755859375,681.0,0.0767123287671232,put,3.25,0.2581791962182557,0.9257749083767353,2026-06-26,0.05
735.5999755859375,682.0,0.0767123287671232,put,3.53,0.2615228326612932,0.9271343428971123,2026-06-26,0.05
735.5999755859375,683.0,0.0767123287671232,put,3.47,0.2567602089644787,0.9284937774174893,2026-06-26,0.05
735.5999755859375,684.0,0.0767123287671232,put,3.64,0.25730779233021456,0.9298532119378663,2026-06-26,0.05
735.5999755859375,685.0,0.0767123287671232,put,3.72,0.25571449252557793,0.9312126464582433,2026-06-26,0.05
735.5999755859375,686.0,0.0767123287671232,put,3.73,0.2525229606253636,0.9325720809786203,2026-06-26,0.05
735.5999755859375,687.0,0.0767123287671232,put,3.86,0.2519518626911755,0.9339315154989972,2026-06-26,0.05
735.5999755859375,688.0,0.0767123287671232,put,3.99,0.25129689012415707,0.9352909500193742,2026-06-26,0.05
735.5999755859375,689.0,0.0767123287671232,put,4.07,0.24950983372628674,0.9366503845397512,2026-06-26,0.05
735.5999755859375,690.0,0.0767123287671232,put,4.32,0.25118420646454187,0.9380098190601283,2026-06-26,0.05
735.5999755859375,691.0,0.0767123287671232,put,4.44,0.2500670730280622,0.9393692535805053,2026-06-26,0.05
735.5999755859375,692.0,0.0767123287671232,put,4.58,0.24927973093651265,0.9407286881008823,2026-06-26,0.05
735.5999755859375,693.0,0.0767123287671232,put,4.67,0.24744023148157565,0.9420881226212593,2026-06-26,0.05
735.5999755859375,694.0,0.0767123287671232,put,4.81,0.24651544663015,0.9434475571416362,2026-06-26,0.05
735.5999755859375,695.0,0.0767123287671232,put,5.02,0.24683466930427406,0.9448069916620132,2026-06-26,0.05
735.5999755859375,696.0,0.0767123287671232,put,5.16,0.24574162774876251,0.9461664261823902,2026-06-26,0.05
735.5999755859375,697.0,0.0767123287671232,put,5.29,0.24439594943829399,0.9475258607027672,2026-06-26,0.05
735.5999755859375,698.0,0.0767123287671232,put,5.46,0.2437045444688943,0.9488852952231442,2026-06-26,0.05
735.5999755859375,699.0,0.0767123287671232,put,5.69,0.24398594693270637,0.9502447297435213,2026-06-26,0.05
735.5999755859375,700.0,0.0767123287671232,put,5.76,0.24137548254566724,0.9516041642638983,2026-06-26,0.05
735.5999755859375,701.0,0.0767123287671232,put,5.9,0.23993330592825893,0.9529635987842753,2026-06-26,0.05
735.5999755859375,702.0,0.0767123287671232,put,6.22,0.2414629678260081,0.9543230333046522,2026-06-26,0.05
735.5999755859375,703.0,0.0767123287671232,put,6.18,0.236856312023045,0.9556824678250292,2026-06-26,0.05
735.5999755859375,704.0,0.0767123287671232,put,6.51,0.2383450378447139,0.9570419023454062,2026-06-26,0.05
735.5999755859375,705.0,0.0767123287671232,put,6.75,0.23822459564429585,0.9584013368657832,2026-06-26,0.05
735.5999755859375,706.0,0.0767123287671232,put,7.01,0.23831689587521204,0.9597607713861602,2026-06-26,0.05
735.5999755859375,707.0,0.0767123287671232,put,7.16,0.23657619315393444,0.9611202059065372,2026-06-26,0.05
735.5999755859375,708.0,0.0767123287671232,put,7.36,0.23554713324931226,0.9624796404269143,2026-06-26,0.05
735.5999755859375,709.0,0.0767123287671232,put,7.55,0.23428416104497302,0.9638390749472913,2026-06-26,0.05
735.5999755859375,710.0,0.0767123287671232,put,7.75,0.23309598938478815,0.9651985094676682,2026-06-26,0.05
735.5999755859375,711.0,0.0767123287671232,put,7.92,0.23138088890508304,0.9665579439880452,2026-06-26,0.05
735.5999755859375,712.0,0.0767123287671232,put,8.32,0.23298724525952386,0.9679173785084222,2026-06-26,0.05
735.5999755859375,713.0,0.0767123287671232,put,8.56,0.2321183567675058,0.9692768130287992,2026-06-26,0.05
735.5999755859375,714.0,0.0767123287671232,put,8.51,0.22698276650222124,0.9706362475491762,2026-06-26,0.05
735.5999755859375,715.0,0.0767123287671232,put,9.05,0.23025822784186126,0.9719956820695532,2026-06-26,0.05
735.5999755859375,716.0,0.0767123287671232,put,9.32,0.22954739714068503,0.9733551165899302,2026-06-26,0.05
735.5999755859375,717.0,0.0767123287671232,put,9.4,0.2260948976557362,0.9747145511103071,2026-06-26,0.05
735.5999755859375,718.0,0.0767123287671232,put,9.8,0.22701740606356022,0.9760739856306841,2026-06-26,0.05
735.5999755859375,719.0,0.0767123287671232,put,9.99,0.2249422306728401,0.9774334201510612,2026-06-26,0.05
735.5999755859375,720.0,0.0767123287671232,put,10.41,0.22590888216060329,0.9787928546714382,2026-06-26,0.05
735.5999755859375,721.0,0.0767123287671232,put,10.48,0.22205213725485387,0.9801522891918152,2026-06-26,0.05
735.5999755859375,722.0,0.0767123287671232,put,10.97,0.2237394283476794,0.9815117237121922,2026-06-26,0.05
735.5999755859375,723.0,0.0767123287671232,put,11.14,0.22106510130235496,0.9828711582325692,2026-06-26,0.05
735.5999755859375,724.0,0.0767123287671232,put,11.65,0.222772851648615,0.9842305927529462,2026-06-26,0.05
735.5999755859375,725.0,0.0767123287671232,put,12.0,0.22226494704510683,0.9855900272733231,2026-06-26,0.05
735.5999755859375,726.0,0.0767123287671232,put,12.1,0.21842742045021238,0.9869494617937001,2026-06-26,0.05
735.5999755859375,727.0,0.0767123287671232,put,12.64,0.22017060100844024,0.9883088963140771,2026-06-26,0.05
735.5999755859375,728.0,0.0767123287671232,put,12.83,0.21732012212739568,0.9896683308344542,2026-06-26,0.05
735.5999755859375,729.0,0.0767123287671232,put,13.13,0.21578420335840304,0.9910277653548312,2026-06-26,0.05
735.5999755859375,730.0,0.0767123287671232,put,13.76,0.21831281925778911,0.9923871998752082,2026-06-26,0.05
735.5999755859375,731.0,0.0767123287671232,put,14.35,0.22020215426200096,0.9937466343955852,2026-06-26,0.05
735.5999755859375,732.0,0.0767123287671232,put,14.41,0.2153433322072629,0.9951060689159622,2026-06-26,0.05
735.5999755859375,733.0,0.0767123287671232,put,14.63,0.21240112866890007,0.9964655034363391,2026-06-26,0.05
735.5999755859375,734.0,0.0767123287671232,put,15.25,0.21432969505607674,0.9978249379567161,2026-06-26,0.05
735.5999755859375,735.0,0.0767123287671232,put,15.75,0.21464897767053426,0.9991843724770931,2026-06-26,0.05
735.5999755859375,736.0,0.0767123287671232,call,17.94,0.2058700915470643,1.0005438069974701,2026-06-26,0.05
735.5999755859375,737.0,0.0767123287671232,call,17.37,0.20506841412959267,1.001903241517847,2026-06-26,0.05
735.5999755859375,738.0,0.0767123287671232,call,16.5,0.2004585873945045,1.0032626760382242,2026-06-26,0.05
735.5999755859375,739.0,0.0767123287671232,call,16.35,0.2045971291415301,1.004622110558601,2026-06-26,0.05
735.5999755859375,740.0,0.0767123287671232,call,15.63,0.20160305584114133,1.0059815450789782,2026-06-26,0.05
735.5999755859375,741.0,0.0767123287671232,call,14.71,0.19602704922459052,1.007340979599355,2026-06-26,0.05
735.5999755859375,742.0,0.0767123287671232,call,14.67,0.2011664478460316,1.0087004141197322,2026-06-26,0.05
735.5999755859375,743.0,0.0767123287671232,call,14.18,0.2006468726075963,1.0100598486401091,2026-06-26,0.05
735.5999755859375,744.0,0.0767123287671232,call,13.57,0.19852210694133673,1.011419283160486,2026-06-26,0.05
735.5999755859375,745.0,0.0767123287671232,call,13.29,0.20036312050279373,1.0127787176808631,2026-06-26,0.05
735.5999755859375,746.0,0.0767123287671232,call,12.36,0.1939996044373165,1.01413815220124,2026-06-26,0.05
735.5999755859375,747.0,0.0767123287671232,call,12.05,0.1952238701915592,1.0154975867216172,2026-06-26,0.05
735.5999755859375,748.0,0.0767123287671232,call,11.84,0.19759636489410348,1.016857021241994,2026-06-26,0.05
735.5999755859375,749.0,0.0767123287671232,call,11.11,0.19329796058102963,1.0182164557623712,2026-06-26,0.05
735.5999755859375,750.0,0.0767123287671232,call,11.21,0.1993895024038999,1.019575890282748,2026-06-26,0.05
735.5999755859375,755.0,0.0767123287671232,call,9.1,0.19493578167456166,1.026373062884633,2026-06-26,0.05
735.5999755859375,760.0,0.0767123287671232,call,7.65,0.19617351153089785,1.033170235486518,2026-06-26,0.05
735.5999755859375,765.0,0.0767123287671232,call,6.06,0.19238677040414168,1.0399674080884032,2026-06-26,0.05
735.5999755859375,770.0,0.0767123287671232,call,4.86,0.19119502709450292,1.046764580690288,2026-06-26,0.05
735.5999755859375,775.0,0.0767123287671232,call,3.98,0.19240485031082882,1.053561753292173,2026-06-26,0.05
735.5999755859375,780.0,0.0767123287671232,call,3.27,0.1941836224841452,1.060358925894058,2026-06-26,0.05
735.5999755859375,785.0,0.0767123287671232,call,2.46,0.19098863862668364,1.067156098495943,2026-06-26,0.05
735.5999755859375,790.0,0.0767123287671232,call,1.96,0.19188638535147357,1.073953271097828,2026-06-26,0.05
735.5999755859375,795.0,0.0767123287671232,call,1.59,0.1939348265334866,1.080750443699713,2026-06-26,0.05
735.5999755859375,800.0,0.0767123287671232,call,1.23,0.19394166830516785,1.087547616301598,2026-06-26,0.05
735.5999755859375,805.0,0.0767123287671232,call,1.01,0.1967625835792242,1.094344788903483,2026-06-26,0.05
735.5999755859375,810.0,0.0767123287671232,call,0.79,0.19764029613055523,1.101141961505368,2026-06-26,0.05
735.5999755859375,815.0,0.0767123287671232,call,0.57,0.1958270289030178,1.1079391341072529,2026-06-26,0.05
735.5999755859375,820.0,0.0767123287671232,call,0.55,0.20437081959460074,1.114736306709138,2026-06-26,0.05
735.5999755859375,825.0,0.0767123287671232,call,0.44,0.2061490131779062,1.121533479311023,2026-06-26,0.05
735.5999755859375,830.0,0.0767123287671232,call,0.39,0.21130373484807055,1.128330651912908,2026-06-26,0.05
735.5999755859375,840.0,0.0767123287671232,call,0.25,0.21469703753860228,1.1419249971166778,2026-06-26,0.05
735.5999755859375,626.0,0.1726027397260274,put,3.54,0.3045010372069132,0.8510060097560004,2026-07-31,0.05
735.5999755859375,627.0,0.1726027397260274,put,5.07,0.3331937335233061,0.8523654442763774,2026-07-31,0.05
735.5999755859375,628.0,0.1726027397260274,put,5.15,0.33234687281002906,0.8537248787967544,2026-07-31,0.05
735.5999755859375,629.0,0.1726027397260274,put,7.75,0.3740202718177575,0.8550843133171314,2026-07-31,0.05
735.5999755859375,630.0,0.1726027397260274,put,3.79,0.30106462032477443,0.8564437478375084,2026-07-31,0.05
735.5999755859375,631.0,0.1726027397260274,put,4.53,0.31368722820069894,0.8578031823578854,2026-07-31,0.05
735.5999755859375,632.0,0.1726027397260274,put,7.34,0.3600073561183996,0.8591626168782625,2026-07-31,0.05
735.5999755859375,633.0,0.1726027397260274,put,4.1,0.3007200433817371,0.8605220513986394,2026-07-31,0.05
735.5999755859375,634.0,0.1726027397260274,put,4.47,0.3056902052233815,0.8618814859190164,2026-07-31,0.05
735.5999755859375,635.0,0.1726027397260274,put,4.25,0.29917691328087753,0.8632409204393934,2026-07-31,0.05
735.5999755859375,636.0,0.1726027397260274,put,6.67,0.3393912583616737,0.8646003549597704,2026-07-31,0.05
735.5999755859375,637.0,0.1726027397260274,put,5.14,0.31112792800228034,0.8659597894801474,2026-07-31,0.05
735.5999755859375,638.0,0.1726027397260274,put,5.22,0.31020610821560174,0.8673192240005244,2026-07-31,0.05
735.5999755859375,639.0,0.1726027397260274,put,6.6,0.3309182096570476,0.8686786585209014,2026-07-31,0.05
735.5999755859375,640.0,0.1726027397260274,put,4.42,0.2911008522147722,0.8700380930412784,2026-07-31,0.05
735.5999755859375,641.0,0.1726027397260274,put,7.91,0.34609513673520187,0.8713975275616553,2026-07-31,0.05
735.5999755859375,642.0,0.1726027397260274,put,4.55,0.2889498010680317,0.8727569620820324,2026-07-31,0.05
735.5999755859375,643.0,0.1726027397260274,put,4.64,0.28829738986366427,0.8741163966024094,2026-07-31,0.05
735.5999755859375,644.0,0.1726027397260274,put,5.54,0.3015730987113625,0.8754758311227864,2026-07-31,0.05
735.5999755859375,645.0,0.1726027397260274,put,4.93,0.28883067261613754,0.8768352656431634,2026-07-31,0.05
735.5999755859375,646.0,0.1726027397260274,put,6.0,0.304336045026756,0.8781947001635404,2026-07-31,0.05
735.5999755859375,647.0,0.1726027397260274,put,7.48,0.3246089070072054,0.8795541346839174,2026-07-31,0.05
735.5999755859375,648.0,0.1726027397260274,put,5.8,0.29633134567874964,0.8809135692042943,2026-07-31,0.05
735.5999755859375,649.0,0.1726027397260274,put,6.28,0.30152091691588706,0.8822730037246713,2026-07-31,0.05
735.5999755859375,650.0,0.1726027397260274,put,5.3,0.2834463691411141,0.8836324382450483,2026-07-31,0.05
735.5999755859375,651.0,0.1726027397260274,put,6.45,0.29927874202445176,0.8849918727654253,2026-07-31,0.05
735.5999755859375,652.0,0.1726027397260274,put,5.37,0.2798915554603948,0.8863513072858024,2026-07-31,0.05
735.5999755859375,653.0,0.1726027397260274,put,6.81,0.29979058355626426,0.8877107418061794,2026-07-31,0.05
735.5999755859375,654.0,0.1726027397260274,put,5.82,0.28231424663614485,0.8890701763265564,2026-07-31,0.05
735.5999755859375,655.0,0.1726027397260274,put,5.69,0.2778945577756802,0.8904296108469334,2026-07-31,0.05
735.5999755859375,656.0,0.1726027397260274,put,5.74,0.2762906142196009,0.8917890453673103,2026-07-31,0.05
735.5999755859375,657.0,0.1726027397260274,put,7.28,0.29668289939458803,0.8931484798876873,2026-07-31,0.05
735.5999755859375,658.0,0.1726027397260274,put,5.98,0.2751793087654574,0.8945079144080643,2026-07-31,0.05
735.5999755859375,659.0,0.1726027397260274,put,6.43,0.2794663230423024,0.8958673489284413,2026-07-31,0.05
735.5999755859375,660.0,0.1726027397260274,put,6.32,0.2754116773728353,0.8972267834488183,2026-07-31,0.05
735.5999755859375,661.0,0.1726027397260274,put,6.27,0.2722440884402609,0.8985862179691954,2026-07-31,0.05
735.5999755859375,662.0,0.1726027397260274,put,6.38,0.27141193592262514,0.8999456524895724,2026-07-31,0.05
735.5999755859375,663.0,0.1726027397260274,put,7.11,0.27930860029388244,0.9013050870099494,2026-07-31,0.05
735.5999755859375,664.0,0.1726027397260274,put,6.91,0.2740313911034997,0.9026645215303263,2026-07-31,0.05
735.5999755859375,665.0,0.1726027397260274,put,6.69,0.2684730779199887,0.9040239560507033,2026-07-31,0.05
735.5999755859375,666.0,0.1726027397260274,put,8.38,0.2887567732096911,0.9053833905710803,2026-07-31,0.05
735.5999755859375,667.0,0.1726027397260274,put,7.33,0.27229991473595133,0.9067428250914573,2026-07-31,0.05
735.5999755859375,668.0,0.1726027397260274,put,9.05,0.2921190235367058,0.9081022596118343,2026-07-31,0.05
735.5999755859375,669.0,0.1726027397260274,put,7.31,0.26699541388830156,0.9094616941322113,2026-07-31,0.05
735.5999755859375,670.0,0.1726027397260274,put,7.41,0.265802906307109,0.9108211286525884,2026-07-31,0.05
735.5999755859375,671.0,0.1726027397260274,put,7.73,0.2674636017009029,0.9121805631729653,2026-07-31,0.05
735.5999755859375,672.0,0.1726027397260274,put,7.63,0.2636140225936561,0.9135399976933423,2026-07-31,0.05
735.5999755859375,673.0,0.1726027397260274,put,9.43,0.28359663124126144,0.9148994322137193,2026-07-31,0.05
735.5999755859375,674.0,0.1726027397260274,put,8.73,0.27237498723980114,0.9162588667340963,2026-07-31,0.05
735.5999755859375,675.0,0.1726027397260274,put,8.24,0.2636747026357767,0.9176183012544733,2026-07-31,0.05
735.5999755859375,676.0,0.1726027397260274,put,8.2,0.2605805439403112,0.9189777357748503,2026-07-31,0.05
735.5999755859375,677.0,0.1726027397260274,put,9.16,0.2696951612096534,0.9203371702952273,2026-07-31,0.05
735.5999755859375,678.0,0.1726027397260274,put,8.59,0.2601614455919463,0.9216966048156043,2026-07-31,0.05
735.5999755859375,679.0,0.1726027397260274,put,9.51,0.26851729165679383,0.9230560393359812,2026-07-31,0.05
735.5999755859375,680.0,0.1726027397260274,put,9.0,0.2598102345049723,0.9244154738563582,2026-07-31,0.05
735.5999755859375,681.0,0.1726027397260274,put,10.62,0.2759048633945069,0.9257749083767353,2026-07-31,0.05
735.5999755859375,682.0,0.1726027397260274,put,11.02,0.2776453924009868,0.9271343428971123,2026-07-31,0.05
735.5999755859375,683.0,0.1726027397260274,put,10.85,0.27296736867776883,0.9284937774174893,2026-07-31,0.05
735.5999755859375,684.0,0.1726027397260274,put,9.64,0.25654074233407714,0.9298532119378663,2026-07-31,0.05
735.5999755859375,685.0,0.1726027397260274,put,9.92,0.2570058900782071,0.9312126464582433,2026-07-31,0.05
735.5999755859375,686.0,0.1726027397260274,put,10.01,0.2552842991933197,0.9325720809786203,2026-07-31,0.05
735.5999755859375,687.0,0.1726027397260274,put,11.82,0.27237173342567905,0.9339315154989972,2026-07-31,0.05
735.5999755859375,688.0,0.1726027397260274,put,11.06,0.26132972003951593,0.9352909500193742,2026-07-31,0.05
735.5999755859375,689.0,0.1726027397260274,put,10.9,0.25678676861363514,0.9366503845397512,2026-07-31,0.05
735.5999755859375,690.0,0.1726027397260274,put,10.76,0.2524667094619495,0.9380098190601283,2026-07-31,0.05
735.5999755859375,691.0,0.1726027397260274,put,11.31,0.25555370106615305,0.9393692535805053,2026-07-31,0.05
735.5999755859375,692.0,0.1726027397260274,put,12.31,0.2632252226791469,0.9407286881008823,2026-07-31,0.05
735.5999755859375,693.0,0.1726027397260274,put,12.06,0.25773051936648633,0.9420881226212593,2026-07-31,0.05
735.5999755859375,694.0,0.1726027397260274,put,12.02,0.25442604977817873,0.9434475571416362,2026-07-31,0.05
735.5999755859375,695.0,0.1726027397260274,put,11.81,0.24936064525391294,0.9448069916620132,2026-07-31,0.05
735.5999755859375,696.0,0.1726027397260274,put,13.06,0.2592316995906983,0.9461664261823902,2026-07-31,0.05
735.5999755859375,697.0,0.1726027397260274,put,13.44,0.26009066095356376,0.9475258607027672,2026-07-31,0.05
735.5999755859375,698.0,0.1726027397260274,put,13.44,0.25710787587891254,0.9488852952231442,2026-07-31,0.05
735.5999755859375,699.0,0.1726027397260274,put,14.82,0.26770798912062094,0.9502447297435213,2026-07-31,0.05
735.5999755859375,700.0,0.1726027397260274,put,13.01,0.24685944657991424,0.9516041642638983,2026-07-31,0.05
735.5999755859375,701.0,0.1726027397260274,put,13.16,0.24535537767145152,0.9529635987842753,2026-07-31,0.05
735.5999755859375,702.0,0.1726027397260274,put,13.37,0.2444142363749889,0.9543230333046522,2026-07-31,0.05
735.5999755859375,703.0,0.1726027397260274,put,16.69,0.2732308300687199,0.9556824678250292,2026-07-31,0.05
735.5999755859375,704.0,0.1726027397260274,put,13.97,0.24416965610408722,0.9570419023454062,2026-07-31,0.05
735.5999755859375,705.0,0.1726027397260274,put,14.06,0.24196779215684525,0.9584013368657832,2026-07-31,0.05
735.5999755859375,706.0,0.1726027397260274,put,17.6,0.27216383282971474,0.9597607713861602,2026-07-31,0.05
735.5999755859375,707.0,0.1726027397260274,put,17.77,0.27050211427982396,0.9611202059065372,2026-07-31,0.05
735.5999755859375,708.0,0.1726027397260274,put,14.74,0.23910971558072683,0.9624796404269143,2026-07-31,0.05
735.5999755859375,709.0,0.1726027397260274,put,15.16,0.23989178814904927,0.9638390749472913,2026-07-31,0.05
735.5999755859375,710.0,0.1726027397260274,put,15.69,0.2416317772397813,0.9651985094676682,2026-07-31,0.05
735.5999755859375,711.0,0.1726027397260274,put,15.76,0.23907359888255525,0.9665579439880452,2026-07-31,0.05
735.5999755859375,712.0,0.1726027397260274,put,16.06,0.23860131979647614,0.9679173785084222,2026-07-31,0.05
735.5999755859375,713.0,0.1726027397260274,put,16.51,0.23944959846950942,0.9692768130287992,2026-07-31,0.05
735.5999755859375,714.0,0.1726027397260274,put,16.62,0.2371711305476842,0.9706362475491762,2026-07-31,0.05
735.5999755859375,715.0,0.1726027397260274,put,16.73,0.23487003594767708,0.9719956820695532,2026-07-31,0.05
735.5999755859375,716.0,0.1726027397260274,put,19.76,0.25849878077471394,0.9733551165899302,2026-07-31,0.05
735.5999755859375,717.0,0.1726027397260274,put,17.77,0.237487075777976,0.9747145511103071,2026-07-31,0.05
735.5999755859375,718.0,0.1726027397260274,put,17.95,0.23570086722338385,0.9760739856306841,2026-07-31,0.05
735.5999755859375,719.0,0.1726027397260274,put,18.3,0.23537908403038182,0.9774334201510612,2026-07-31,0.05
735.5999755859375,720.0,0.1726027397260274,put,18.65,0.23501325767888853,0.9787928546714382,2026-07-31,0.05
735.5999755859375,721.0,0.1726027397260274,put,19.03,0.23486470433431328,0.9801522891918152,2026-07-31,0.05
735.5999755859375,722.0,0.1726027397260274,put,21.8,0.2552980758387729,0.9815117237121922,2026-07-31,0.05
735.5999755859375,723.0,0.1726027397260274,put,21.98,0.2532573312646102,0.9828711582325692,2026-07-31,0.05
735.5999755859375,725.0,0.1726027397260274,put,20.42,0.23270552410073864,0.9855900272733231,2026-07-31,0.05
735.5999755859375,726.0,0.1726027397260274,put,20.79,0.23225112143785825,0.9869494617937001,2026-07-31,0.05
735.5999755859375,727.0,0.1726027397260274,put,20.95,0.22997115686374858,0.9883088963140771,2026-07-31,0.05
735.5999755859375,728.0,0.1726027397260274,put,21.41,0.2301969469051286,0.9896683308344542,2026-07-31,0.05
735.5999755859375,730.0,0.1726027397260274,put,22.25,0.22983038110209528,0.9923871998752082,2026-07-31,0.05
735.5999755859375,732.0,0.1726027397260274,put,23.13,0.22961429223150767,0.9951060689159622,2026-07-31,0.05
735.5999755859375,735.0,0.1726027397260274,put,24.37,0.22828046675089372,0.9991843724770931,2026-07-31,0.05
735.5999755859375,736.0,0.1726027397260274,call,29.05,0.2140263610252321,1.0005438069974701,2026-07-31,0.05
735.5999755859375,737.0,0.1726027397260274,call,28.7,0.2153569738180437,1.001903241517847,2026-07-31,0.05
735.5999755859375,738.0,0.1726027397260274,call,24.46,0.18454644455661906,1.0032626760382242,2026-07-31,0.05
735.5999755859375,739.0,0.1726027397260274,call,27.22,0.21143313021580834,1.004622110558601,2026-07-31,0.05
735.5999755859375,740.0,0.1726027397260274,call,27.13,0.21475086949305575,1.0059815450789782,2026-07-31,0.05
735.5999755859375,741.0,0.1726027397260274,call,25.77,0.20757710110817465,1.007340979599355,2026-07-31,0.05
735.5999755859375,742.0,0.1726027397260274,call,25.61,0.21021728656741548,1.0087004141197322,2026-07-31,0.05
735.5999755859375,743.0,0.1726027397260274,call,25.1,0.20993210143573818,1.0100598486401091,2026-07-31,0.05
735.5999755859375,744.0,0.1726027397260274,call,24.85,0.21172989763813843,1.011419283160486,2026-07-31,0.05
735.5999755859375,745.0,0.1726027397260274,call,24.11,0.2094585264590173,1.0127787176808631,2026-07-31,0.05
735.5999755859375,746.0,0.1726027397260274,call,21.63,0.19286143771964914,1.01413815220124,2026-07-31,0.05
735.5999755859375,747.0,0.1726027397260274,call,22.99,0.2077184974133914,1.0154975867216172,2026-07-31,0.05
735.5999755859375,748.0,0.1726027397260274,call,22.32,0.20586883208822448,1.016857021241994,2026-07-31,0.05
735.5999755859375,749.0,0.1726027397260274,call,22.41,0.21021309121848072,1.0182164557623712,2026-07-31,0.05
735.5999755859375,750.0,0.1726027397260274,call,21.92,0.20974412361866462,1.019575890282748,2026-07-31,0.05
735.5999755859375,755.0,0.1726027397260274,call,19.39,0.20597079330763396,1.026373062884633,2026-07-31,0.05
735.5999755859375,760.0,0.1726027397260274,call,17.23,0.20397094392985915,1.033170235486518,2026-07-31,0.05
735.5999755859375,765.0,0.1726027397260274,call,14.99,0.199943314124108,1.0399674080884032,2026-07-31,0.05
735.5999755859375,770.0,0.1726027397260274,call,13.75,0.20332357490989014,1.046764580690288,2026-07-31,0.05
735.5999755859375,775.0,0.1726027397260274,call,12.06,0.20154007644611066,1.053561753292173,2026-07-31,0.05
735.5999755859375,780.0,0.1726027397260274,call,10.53,0.19990245320270816,1.060358925894058,2026-07-31,0.05
735.5999755859375,785.0,0.1726027397260274,call,9.36,0.2004851158026314,1.067156098495943,2026-07-31,0.05
735.5999755859375,790.0,0.1726027397260274,call,8.23,0.2003153959243405,1.073953271097828,2026-07-31,0.05
735.5999755859375,795.0,0.1726027397260274,call,7.0,0.19777012414453765,1.080750443699713,2026-07-31,0.05
735.5999755859375,800.0,0.1726027397260274,call,6.13,0.1979789337187307,1.087547616301598,2026-07-31,0.05
735.5999755859375,805.0,0.1726027397260274,call,5.36,0.19828010800774554,1.094344788903483,2026-07-31,0.05
735.5999755859375,810.0,0.1726027397260274,call,4.57,0.19713241126958284,1.101141961505368,2026-07-31,0.05
735.5999755859375,815.0,0.1726027397260274,call,4.1,0.19939175504101997,1.1079391341072529,2026-07-31,0.05
735.5999755859375,820.0,0.1726027397260274,call,3.56,0.19970868491569524,1.114736306709138,2026-07-31,0.05
735.5999755859375,825.0,0.1726027397260274,call,3.03,0.1990807443139277,1.121533479311023,2026-07-31,0.05
735.5999755859375,830.0,0.1726027397260274,call,2.63,0.19967855821638322,1.128330651912908,2026-07-31,0.05
735.5999755859375,835.0,0.1726027397260274,call,2.33,0.20135654868267147,1.1351278245147929,2026-07-31,0.05
735.5999755859375,840.0,0.1726027397260274,call,1.99,0.20131425620267665,1.1419249971166778,2026-07-31,0.05
735.5999755859375,845.0,0.1726027397260274,call,1.72,0.2019296771190292,1.1487221697185628,2026-07-31,0.05
735.5999755859375,630.0,0.2301369863013698,put,5.83,0.2980608248836251,0.8564437478375084,2026-08-21,0.05
735.5999755859375,635.0,0.2301369863013698,put,6.26,0.29404893582492186,0.8632409204393934,2026-08-21,0.05
735.5999755859375,640.0,0.2301369863013698,put,6.7,0.28974625598231163,0.8700380930412784,2026-08-21,0.05
735.5999755859375,645.0,0.2301369863013698,put,7.29,0.2870045601906721,0.8768352656431634,2026-08-21,0.05
735.5999755859375,650.0,0.2301369863013698,put,7.81,0.28282093988869134,0.8836324382450483,2026-08-21,0.05
735.5999755859375,655.0,0.2301369863013698,put,8.37,0.27867093374846374,0.8904296108469334,2026-08-21,0.05
735.5999755859375,660.0,0.2301369863013698,put,9.0,0.2748617808550745,0.8972267834488183,2026-08-21,0.05
735.5999755859375,665.0,0.2301369863013698,put,9.76,0.27197242173575614,0.9040239560507033,2026-08-21,0.05
735.5999755859375,670.0,0.2301369863013698,put,10.53,0.26859673482416174,0.9108211286525884,2026-08-21,0.05
735.5999755859375,675.0,0.2301369863013698,put,11.3,0.2646591539255293,0.9176183012544733,2026-08-21,0.05
735.5999755859375,680.0,0.2301369863013698,put,12.3,0.2624061873345865,0.9244154738563582,2026-08-21,0.05
735.5999755859375,685.0,0.2301369863013698,put,13.11,0.25771928847395487,0.9312126464582433,2026-08-21,0.05
735.5999755859375,690.0,0.2301369863013698,put,14.22,0.255205289651691,0.9380098190601283,2026-08-21,0.05
735.5999755859375,695.0,0.2301369863013698,put,15.29,0.2516680409762461,0.9448069916620132,2026-08-21,0.05
735.5999755859375,700.0,0.2301369863013698,put,16.62,0.2496803536648791,0.9516041642638983,2026-08-21,0.05
735.5999755859375,705.0,0.2301369863013698,put,18.0,0.24736386109146627,0.9584013368657832,2026-08-21,0.05
735.5999755859375,710.0,0.2301369863013698,put,19.43,0.24471639322980773,0.9651985094676682,2026-08-21,0.05
735.5999755859375,715.0,0.2301369863013698,put,21.19,0.2438875875610609,0.9719956820695532,2026-08-21,0.05
735.5999755859375,720.0,0.2301369863013698,put,22.52,0.2390052437438427,0.9787928546714382,2026-08-21,0.05
735.5999755859375,725.0,0.2301369863013698,put,24.41,0.23759873923357996,0.9855900272733231,2026-08-21,0.05
735.5999755859375,730.0,0.2301369863013698,put,26.52,0.2369861335600907,0.9923871998752082,2026-08-21,0.05
735.5999755859375,735.0,0.2301369863013698,put,28.74,0.23633210737821778,0.9991843724770931,2026-08-21,0.05
735.5999755859375,740.0,0.2301369863013698,call,32.67,0.21801713917398263,1.0059815450789782,2026-08-21,0.05
735.5999755859375,745.0,0.2301369863013698,call,29.72,0.2141729966945213,1.0127787176808631,2026-08-21,0.05
735.5999755859375,750.0,0.2301369863013698,call,26.77,0.20943559306986753,1.019575890282748,2026-08-21,0.05
735.5999755859375,755.0,0.2301369863013698,call,24.79,0.21067593857917527,1.026373062884633,2026-08-21,0.05
735.5999755859375,760.0,0.2301369863013698,call,22.93,0.21188273941166028,1.033170235486518,2026-08-21,0.05
735.5999755859375,765.0,0.2301369863013698,call,20.41,0.20740792384816326,1.0399674080884032,2026-08-21,0.05
735.5999755859375,770.0,0.2301369863013698,call,18.32,0.20507235699778376,1.046764580690288,2026-08-21,0.05
735.5999755859375,775.0,0.2301369863013698,call,16.77,0.20582760298116565,1.053561753292173,2026-08-21,0.05
735.5999755859375,780.0,0.2301369863013698,call,15.3,0.2063404063334593,1.060358925894058,2026-08-21,0.05
735.5999755859375,785.0,0.2301369863013698,call,13.49,0.20325995801487537,1.067156098495943,2026-08-21,0.05
735.5999755859375,790.0,0.2301369863013698,call,12.25,0.20381736581493617,1.073953271097828,2026-08-21,0.05
735.5999755859375,795.0,0.2301369863013698,call,10.99,0.20335609648035607,1.080750443699713,2026-08-21,0.05
735.5999755859375,800.0,0.2301369863013698,call,9.74,0.2020618803444774,1.087547616301598,2026-08-21,0.05
735.5999755859375,805.0,0.2301369863013698,call,8.71,0.2018536950614741,1.094344788903483,2026-08-21,0.05
735.5999755859375,810.0,0.2301369863013698,call,7.79,0.20185077553870223,1.101141961505368,2026-08-21,0.05
735.5999755859375,815.0,0.2301369863013698,call,6.89,0.20119156368097105,1.1079391341072529,2026-08-21,0.05
735.5999755859375,820.0,0.2301369863013698,call,6.16,0.20150022337776788,1.114736306709138,2026-08-21,0.05
735.5999755859375,825.0,0.2301369863013698,call,5.47,0.2014725429081572,1.121533479311023,2026-08-21,0.05
735.5999755859375,830.0,0.2301369863013698,call,4.76,0.20033579980513172,1.128330651912908,2026-08-21,0.05
735.5999755859375,835.0,0.2301369863013698,call,4.22,0.20052615308862,1.1351278245147929,2026-08-21,0.05
735.5999755859375,840.0,0.2301369863013698,call,3.33,0.19458655739198608,1.1419249971166778,2026-08-21,0.05
735.5999755859375,845.0,0.2301369863013698,call,3.48,0.2037544233165902,1.1487221697185628,2026-08-21,0.05
735.5999755859375,630.0,0.5561643835616439,put,16.91,0.29613376633063215,0.8564437478375084,2026-12-18,0.05
735.5999755859375,635.0,0.5561643835616439,put,17.71,0.29353321812171007,0.8632409204393934,2026-12-18,0.05
735.5999755859375,640.0,0.5561643835616439,put,18.6,0.2913189289388046,0.8700380930412784,2026-12-18,0.05
735.5999755859375,645.0,0.5561643835616439,put,19.26,0.2873579638433139,0.8768352656431634,2026-12-18,0.05
735.5999755859375,650.0,0.5561643835616439,put,20.44,0.28656262501884,0.8836324382450483,2026-12-18,0.05
735.5999755859375,655.0,0.5561643835616439,put,21.19,0.2827767868421196,0.8904296108469334,2026-12-18,0.05
735.5999755859375,660.0,0.5561643835616439,put,22.47,0.28204012315808397,0.8972267834488183,2026-12-18,0.05
735.5999755859375,665.0,0.5561643835616439,put,23.51,0.27956350449844664,0.9040239560507033,2026-12-18,0.05
735.5999755859375,670.0,0.5561643835616439,put,24.6,0.27713927114112485,0.9108211286525884,2026-12-18,0.05
735.5999755859375,675.0,0.5561643835616439,put,25.65,0.2742456506594729,0.9176183012544733,2026-12-18,0.05
735.5999755859375,680.0,0.5561643835616439,put,27.02,0.2729043868994102,0.9244154738563582,2026-12-18,0.05
735.5999755859375,685.0,0.5561643835616439,put,28.26,0.2705642607304094,0.9312126464582433,2026-12-18,0.05
735.5999755859375,690.0,0.5561643835616439,put,29.52,0.26807728389409186,0.9380098190601283,2026-12-18,0.05
735.5999755859375,695.0,0.5561643835616439,put,31.15,0.2672794415304369,0.9448069916620132,2026-12-18,0.05
735.5999755859375,700.0,0.5561643835616439,put,32.62,0.2653445889127915,0.9516041642638983,2026-12-18,0.05
735.5999755859375,705.0,0.5561643835616439,put,34.12,0.26328702321430336,0.9584013368657832,2026-12-18,0.05
735.5999755859375,710.0,0.5561643835616439,put,35.62,0.2609559864077843,0.9651985094676682,2026-12-18,0.05
735.5999755859375,715.0,0.5561643835616439,put,37.35,0.25948915583033616,0.9719956820695532,2026-12-18,0.05
735.5999755859375,720.0,0.5561643835616439,put,39.59,0.260206625131409,0.9787928546714382,2026-12-18,0.05
735.5999755859375,725.0,0.5561643835616439,put,41.12,0.2571669417436653,0.9855900272733231,2026-12-18,0.05
735.5999755859375,730.0,0.5561643835616439,put,43.22,0.25657490893314555,0.9923871998752082,2026-12-18,0.05
735.5999755859375,735.0,0.5561643835616439,put,45.25,0.25533933736294245,0.9991843724770931,2026-12-18,0.05
735.5999755859375,740.0,0.5561643835616439,call,57.33,0.2264916296656484,1.0059815450789782,2026-12-18,0.05
735.5999755859375,745.0,0.5561643835616439,call,54.57,0.22519164809835487,1.0127787176808631,2026-12-18,0.05
735.5999755859375,750.0,0.5561643835616439,call,51.82,0.2235983263960168,1.019575890282748,2026-12-18,0.05
735.5999755859375,755.0,0.5561643835616439,call,48.87,0.2207484709897991,1.026373062884633,2026-12-18,0.05
735.5999755859375,760.0,0.5561643835616439,call,46.37,0.21962293138408734,1.033170235486518,2026-12-18,0.05
735.5999755859375,765.0,0.5561643835616439,call,44.21,0.21970197705752376,1.0399674080884032,2026-12-18,0.05
735.5999755859375,770.0,0.5561643835616439,call,41.84,0.21847135065844192,1.046764580690288,2026-12-18,0.05
735.5999755859375,775.0,0.5561643835616439,call,39.53,0.2171650313691095,1.053561753292173,2026-12-18,0.05
735.5999755859375,780.0,0.5561643835616439,call,37.61,0.21729831401343197,1.060358925894058,2026-12-18,0.05
735.5999755859375,785.0,0.5561643835616439,call,35.36,0.21556615142381855,1.067156098495943,2026-12-18,0.05
735.5999755859375,790.0,0.5561643835616439,call,33.29,0.2143095773362884,1.073953271097828,2026-12-18,0.05
735.5999755859375,795.0,0.5561643835616439,call,31.3,0.2130698402758908,1.080750443699713,2026-12-18,0.05
735.5999755859375,800.0,0.5561643835616439,call,29.51,0.21241814261276817,1.087547616301598,2026-12-18,0.05
735.5999755859375,805.0,0.5561643835616439,call,27.76,0.21160938153694658,1.094344788903483,2026-12-18,0.05
735.5999755859375,810.0,0.5561643835616439,call,25.81,0.209472510234156,1.101141961505368,2026-12-18,0.05
735.5999755859375,815.0,0.5561643835616439,call,24.84,0.21178826539124324,1.1079391341072529,2026-12-18,0.05
735.5999755859375,820.0,0.5561643835616439,call,23.2,0.21048606606964518,1.114736306709138,2026-12-18,0.05
735.5999755859375,825.0,0.5561643835616439,call,21.51,0.20855639372612952,1.121533479311023,2026-12-18,0.05
735.5999755859375,830.0,0.5561643835616439,call,20.5,0.20978289670157163,1.128330651912908,2026-12-18,0.05
735.5999755859375,835.0,0.5561643835616439,call,18.86,0.20737858534894027,1.1351278245147929,2026-12-18,0.05
735.5999755859375,840.0,0.5561643835616439,call,15.81,0.1966955332664154,1.1419249971166778,2026-12-18,0.05
735.5999755859375,845.0,0.5561643835616439,call,16.52,0.20652703672783526,1.1487221697185628,2026-12-18,0.05
735.5999755859375,630.0,0.8054794520547945,put,23.1,0.2924546476763915,0.8564437478375084,2027-03-19,0.05
735.5999755859375,635.0,0.8054794520547945,put,25.2,0.29666587317523696,0.8632409204393934,2027-03-19,0.05
735.5999755859375,640.0,0.8054794520547945,put,25.8,0.29250358268172416,0.8700380930412784,2027-03-19,0.05
735.5999755859375,645.0,0.8054794520547945,put,27.22,0.2925097782621283,0.8768352656431634,2027-03-19,0.05
735.5999755859375,650.0,0.8054794520547945,put,27.23,0.28510661627266853,0.8836324382450483,2027-03-19,0.05
735.5999755859375,655.0,0.8054794520547945,put,28.45,0.283782103176126,0.8904296108469334,2027-03-19,0.05
735.5999755859375,660.0,0.8054794520547945,put,29.58,0.2818222604105452,0.8972267834488183,2027-03-19,0.05
735.5999755859375,665.0,0.8054794520547945,put,30.76,0.27993267211393696,0.9040239560507033,2027-03-19,0.05
735.5999755859375,670.0,0.8054794520547945,put,32.03,0.2782944623669412,0.9108211286525884,2027-03-19,0.05
735.5999755859375,675.0,0.8054794520547945,put,33.4,0.2769368575303069,0.9176183012544733,2027-03-19,0.05
735.5999755859375,680.0,0.8054794520547945,put,34.61,0.2746566786886333,0.9244154738563582,2027-03-19,0.05
735.5999755859375,685.0,0.8054794520547945,put,37.04,0.27767911299081466,0.9312126464582433,2027-03-19,0.05
735.5999755859375,690.0,0.8054794520547945,put,38.39,0.27561097439032634,0.9380098190601283,2027-03-19,0.05
735.5999755859375,695.0,0.8054794520547945,put,40.1,0.27493498147721374,0.9448069916620132,2027-03-19,0.05
735.5999755859375,700.0,0.8054794520547945,put,40.6,0.2688663763670566,0.9516041642638983,2027-03-19,0.05
735.5999755859375,705.0,0.8054794520547945,put,42.36,0.26805729337460854,0.9584013368657832,2027-03-19,0.05
735.5999755859375,710.0,0.8054794520547945,put,44.08,0.26687286892393447,0.9651985094676682,2027-03-19,0.05
735.5999755859375,715.0,0.8054794520547945,put,47.01,0.2704785116488117,0.9719956820695532,2027-03-19,0.05
735.5999755859375,720.0,0.8054794520547945,put,47.58,0.2641580590416316,0.9787928546714382,2027-03-19,0.05
735.5999755859375,725.0,0.8054794520547945,put,49.84,0.2645681895085745,0.9855900272733231,2027-03-19,0.05
735.5999755859375,730.0,0.8054794520547945,put,51.89,0.26390965660879406,0.9923871998752082,2027-03-19,0.05
735.5999755859375,735.0,0.8054794520547945,put,53.48,0.2612216756871662,0.9991843724770931,2027-03-19,0.05
735.5999755859375,740.0,0.8054794520547945,call,71.99,0.2273172219394758,1.0059815450789782,2027-03-19,0.05
735.5999755859375,745.0,0.8054794520547945,call,69.47,0.22722503809464162,1.0127787176808631,2027-03-19,0.05
735.5999755859375,750.0,0.8054794520547945,call,66.55,0.22533918603692862,1.019575890282748,2027-03-19,0.05
735.5999755859375,755.0,0.8054794520547945,call,63.48,0.2226573094518806,1.026373062884633,2027-03-19,0.05
735.5999755859375,760.0,0.8054794520547945,call,60.89,0.22160239482933947,1.033170235486518,2027-03-19,0.05
735.5999755859375,765.0,0.8054794520547945,call,59.15,0.22356077489246468,1.0399674080884032,2027-03-19,0.05
735.5999755859375,770.0,0.8054794520547945,call,56.71,0.22260434808446658,1.046764580690288,2027-03-19,0.05
735.5999755859375,775.0,0.8054794520547945,call,54.32,0.22160775251086975,1.053561753292173,2027-03-19,0.05
735.5999755859375,780.0,0.8054794520547945,call,51.96,0.22049465976466293,1.060358925894058,2027-03-19,0.05
735.5999755859375,785.0,0.8054794520547945,call,49.74,0.21968235038585043,1.067156098495943,2027-03-19,0.05
735.5999755859375,790.0,0.8054794520547945,call,47.52,0.21863902885822747,1.073953271097828,2027-03-19,0.05
735.5999755859375,795.0,0.8054794520547945,call,45.39,0.2177067547146607,1.080750443699713,2027-03-19,0.05
735.5999755859375,800.0,0.8054794520547945,call,43.39,0.217039930116671,1.087547616301598,2027-03-19,0.05
735.5999755859375,805.0,0.8054794520547945,call,41.42,0.21625845419561124,1.094344788903483,2027-03-19,0.05
735.5999755859375,810.0,0.8054794520547945,call,38.85,0.2129238211017424,1.101141961505368,2027-03-19,0.05
735.5999755859375,815.0,0.8054794520547945,call,37.44,0.21384334380632886,1.1079391341072529,2027-03-19,0.05
735.5999755859375,820.0,0.8054794520547945,call,33.2,0.20340962401055201,1.114736306709138,2027-03-19,0.05
735.5999755859375,825.0,0.8054794520547945,call,30.29,0.19781618964850178,1.121533479311023,2027-03-19,0.05
735.5999755859375,830.0,0.8054794520547945,call,29.2,0.199234656721619,1.128330651912908,2027-03-19,0.05
735.5999755859375,835.0,0.8054794520547945,call,28.7,0.2028718668843222,1.1351278245147929,2027-03-19,0.05
735.5999755859375,840.0,0.8054794520547945,call,26.05,0.19745135250713067,1.1419249971166778,2027-03-19,0.05
735.5999755859375,845.0,0.8054794520547945,call,27.75,0.20993080527206542,1.1487221697185628,2027-03-19,0.05
735.5999755859375,630.0,1.0520547945205478,put,28.98,0.2941273858986277,0.8564437478375084,2027-06-17,0.05
735.5999755859375,635.0,1.0520547945205478,put,32.01,0.30151423137661393,0.8632409204393934,2027-06-17,0.05
735.5999755859375,640.0,1.0520547945205478,put,31.1,0.29063013834543294,0.8700380930412784,2027-06-17,0.05
735.5999755859375,645.0,1.0520547945205478,put,32.31,0.2893593860919205,0.8768352656431634,2027-06-17,0.05
735.5999755859375,650.0,1.0520547945205478,put,33.23,0.28667066665475427,0.8836324382450483,2027-06-17,0.05
735.5999755859375,655.0,1.0520547945205478,put,34.56,0.2856534149433663,0.8904296108469334,2027-06-17,0.05
735.5999755859375,660.0,1.0520547945205478,put,36.29,0.28617593573444156,0.8972267834488183,2027-06-17,0.05
735.5999755859375,665.0,1.0520547945205478,put,37.07,0.282537127784884,0.9040239560507033,2027-06-17,0.05
735.5999755859375,670.0,1.0520547945205478,put,38.55,0.2817000659706666,0.9108211286525884,2027-06-17,0.05
735.5999755859375,675.0,1.0520547945205478,put,39.88,0.2800990477322083,0.9176183012544733,2027-06-17,0.05
735.5999755859375,680.0,1.0520547945205478,put,41.4,0.2791200933407677,0.9244154738563582,2027-06-17,0.05
735.5999755859375,685.0,1.0520547945205478,put,43.04,0.27845963770699933,0.9312126464582433,2027-06-17,0.05
735.5999755859375,690.0,1.0520547945205478,put,44.62,0.2774066440010036,0.9380098190601283,2027-06-17,0.05
735.5999755859375,695.0,1.0520547945205478,put,45.89,0.2750206268304748,0.9448069916620132,2027-06-17,0.05
735.5999755859375,700.0,1.0520547945205478,put,47.84,0.27508431493410024,0.9516041642638983,2027-06-17,0.05
735.5999755859375,705.0,1.0520547945205478,put,50.9,0.279103736882604,0.9584013368657832,2027-06-17,0.05
735.5999755859375,710.0,1.0520547945205478,put,51.54,0.2739546305166531,0.9651985094676682,2027-06-17,0.05
735.5999755859375,715.0,1.0520547945205478,put,52.81,0.27104031155245506,0.9719956820695532,2027-06-17,0.05
735.5999755859375,720.0,1.0520547945205478,put,54.72,0.2703257069043805,0.9787928546714382,2027-06-17,0.05
735.5999755859375,725.0,1.0520547945205478,put,56.69,0.2696717961636629,0.9855900272733231,2027-06-17,0.05
735.5999755859375,730.0,1.0520547945205478,put,58.85,0.2695365842877144,0.9923871998752082,2027-06-17,0.05
735.5999755859375,735.0,1.0520547945205478,put,60.86,0.26871320723592995,0.9991843724770931,2027-06-17,0.05
735.5999755859375,740.0,1.0520547945205478,call,86.03,0.23162313877685256,1.0059815450789782,2027-06-17,0.05
735.5999755859375,745.0,1.0520547945205478,call,82.98,0.2296902810414875,1.0127787176808631,2027-06-17,0.05
735.5999755859375,750.0,1.0520547945205478,call,80.01,0.2278784367091804,1.019575890282748,2027-06-17,0.05
735.5999755859375,755.0,1.0520547945205478,call,75.97,0.22225847289659667,1.026373062884633,2027-06-17,0.05
735.5999755859375,760.0,1.0520547945205478,call,74.33,0.22466348122724983,1.033170235486518,2027-06-17,0.05
735.5999755859375,765.0,1.0520547945205478,call,72.39,0.22584703222734123,1.0399674080884032,2027-06-17,0.05
735.5999755859375,770.0,1.0520547945205478,call,68.69,0.22093131013838704,1.046764580690288,2027-06-17,0.05
735.5999755859375,775.0,1.0520547945205478,call,66.86,0.22212968336944044,1.053561753292173,2027-06-17,0.05
735.5999755859375,780.0,1.0520547945205478,call,64.7,0.22204212181993166,1.060358925894058,2027-06-17,0.05
735.5999755859375,785.0,1.0520547945205478,call,62.1,0.22031515509990748,1.067156098495943,2027-06-17,0.05
735.5999755859375,790.0,1.0520547945205478,call,59.22,0.2174885865534152,1.073953271097828,2027-06-17,0.05
735.5999755859375,795.0,1.0520547945205478,call,58.11,0.22037196082240482,1.080750443699713,2027-06-17,0.05
735.5999755859375,800.0,1.0520547945205478,call,55.97,0.21966140374642448,1.087547616301598,2027-06-17,0.05
735.5999755859375,805.0,1.0520547945205478,call,52.6,0.21468740178658854,1.094344788903483,2027-06-17,0.05
735.5999755859375,810.0,1.0520547945205478,call,52.24,0.2195625665746688,1.101141961505368,2027-06-17,0.05
735.5999755859375,815.0,1.0520547945205478,call,50.22,0.21874554459847434,1.1079391341072529,2027-06-17,0.05
735.5999755859375,820.0,1.0520547945205478,call,47.92,0.21681997050325266,1.114736306709138,2027-06-17,0.05
735.5999755859375,825.0,1.0520547945205478,call,46.12,0.2164001889222471,1.121533479311023,2027-06-17,0.05
735.5999755859375,830.0,1.0520547945205478,call,44.31,0.21578042595592098,1.128330651912908,2027-06-17,0.05
735.5999755859375,835.0,1.0520547945205478,call,42.47,0.21489075668185742,1.1351278245147929,2027-06-17,0.05
735.5999755859375,840.0,1.0520547945205478,call,40.43,0.2131433445245921,1.1419249971166778,2027-06-17,0.05
735.5999755859375,845.0,1.0520547945205478,call,38.92,0.21304477463813773,1.1487221697185628,2027-06-17,0.05
