snapshot_date,S0,expiry,T,type,strike,moneyness,bid,ask,lastPrice,price,price_source,iv_market,r
2026-05-15,708.9299926757812,2026-06-12,0.0767123287671232,put,605.0,0.8533987928998342,0.0,0.0,1.16,1.16,lastPrice,0.3450216565296917,0.043
2026-05-15,708.9299926757812,2026-06-12,0.0767123287671232,put,610.0,0.8604516754857832,0.0,0.0,1.36,1.36,lastPrice,0.3413571925909255,0.043
2026-05-15,708.9299926757812,2026-06-12,0.0767123287671232,put,615.0,0.8675045580717322,0.0,0.0,1.42,1.42,lastPrice,0.3295761414156575,0.043
2026-05-15,708.9299926757812,2026-06-12,0.0767123287671232,put,620.0,0.8745574406576813,0.0,0.0,1.59,1.59,lastPrice,0.3225633345606412,0.043
2026-05-15,708.9299926757812,2026-06-12,0.0767123287671232,put,621.0,0.8759680171748712,0.0,0.0,1.65,1.65,lastPrice,0.3221837256231648,0.043
2026-05-15,708.9299926757812,2026-06-12,0.0767123287671232,put,622.0,0.877378593692061,0.0,0.0,1.67,1.67,lastPrice,0.3200148550382933,0.043
2026-05-15,708.9299926757812,2026-06-12,0.0767123287671232,put,623.0,0.8787891702092507,0.0,0.0,1.8,1.8,lastPrice,0.3224181491094756,0.043
2026-05-15,708.9299926757812,2026-06-12,0.0767123287671232,put,624.0,0.8801997467264405,0.0,0.0,1.99,1.99,lastPrice,0.3269028325321614,0.043
2026-05-15,708.9299926757812,2026-06-12,0.0767123287671232,put,625.0,0.8816103232436303,0.0,0.0,2.06,2.06,lastPrice,0.3264583673036647,0.043
2026-05-15,708.9299926757812,2026-06-12,0.0767123287671232,put,626.0,0.8830208997608201,0.0,0.0,1.89,1.89,lastPrice,0.3167844515673408,0.043
2026-05-15,708.9299926757812,2026-06-12,0.0767123287671232,put,627.0,0.88443147627801,0.0,0.0,2.0,2.0,lastPrice,0.3179227922565009,0.043
2026-05-15,708.9299926757812,2026-06-12,0.0767123287671232,put,628.0,0.8858420527951998,0.0,0.0,2.02,2.02,lastPrice,0.3155522637232245,0.043
2026-05-15,708.9299926757812,2026-06-12,0.0767123287671232,put,629.0,0.8872526293123896,0.0,0.0,2.09,2.09,lastPrice,0.3150115962584923,0.043
2026-05-15,708.9299926757812,2026-06-12,0.0767123287671232,put,630.0,0.8886632058295794,0.0,0.0,2.26,2.26,lastPrice,0.3179407175268997,0.043
2026-05-15,708.9299926757812,2026-06-12,0.0767123287671232,put,631.0,0.8900737823467691,0.0,0.0,2.4,2.4,lastPrice,0.319564074287743,0.043
2026-05-15,708.9299926757812,2026-06-12,0.0767123287671232,put,632.0,0.891484358863959,0.0,0.0,2.13,2.13,lastPrice,0.3070036123513153,0.043
2026-05-15,708.9299926757812,2026-06-12,0.0767123287671232,put,633.0,0.8928949353811488,0.0,0.0,2.21,2.21,lastPrice,0.3066504638527353,0.043
2026-05-15,708.9299926757812,2026-06-12,0.0767123287671232,put,634.0,0.8943055118983386,0.0,0.0,1.74,1.74,lastPrice,0.2863291222853447,0.043
2026-05-15,708.9299926757812,2026-06-12,0.0767123287671232,put,635.0,0.8957160884155284,0.0,0.0,2.56,2.56,lastPrice,0.3118814057815577,0.043
2026-05-15,708.9299926757812,2026-06-12,0.0767123287671232,put,636.0,0.8971266649327182,0.0,0.0,2.37,2.37,lastPrice,0.3024732321589458,0.043
2026-05-15,708.9299926757812,2026-06-12,0.0767123287671232,put,637.0,0.8985372414499081,0.0,0.0,2.65,2.65,lastPrice,0.3081849886319743,0.043
2026-05-15,708.9299926757812,2026-06-12,0.0767123287671232,put,638.0,0.8999478179670979,0.0,0.0,2.47,2.47,lastPrice,0.2992557554379925,0.043
2026-05-15,708.9299926757812,2026-06-12,0.0767123287671232,put,639.0,0.9013583944842876,0.0,0.0,2.68,2.68,lastPrice,0.3025411712763401,0.043
2026-05-15,708.9299926757812,2026-06-12,0.0767123287671232,put,640.0,0.9027689710014776,0.0,0.0,3.03,3.03,lastPrice,0.3095796699975872,0.043
2026-05-15,708.9299926757812,2026-06-12,0.0767123287671232,put,641.0,0.9041795475186672,0.0,0.0,2.56,2.56,lastPrice,0.2923099873517868,0.043
2026-05-15,708.9299926757812,2026-06-12,0.0767123287671232,put,642.0,0.905590124035857,0.0,0.0,2.53,2.53,lastPrice,0.2881246189651205,0.043
2026-05-15,708.9299926757812,2026-06-12,0.0767123287671232,put,643.0,0.9070007005530468,0.0,0.0,3.25,3.25,lastPrice,0.3055904247495872,0.043
2026-05-15,708.9299926757812,2026-06-12,0.0767123287671232,put,644.0,0.9084112770702368,0.0,0.0,2.81,2.81,lastPrice,0.2898646716258991,0.043
2026-05-15,708.9299926757812,2026-06-12,0.0767123287671232,put,645.0,0.9098218535874264,0.0,0.0,2.91,2.91,lastPrice,0.2893827753315275,0.043
2026-05-15,708.9299926757812,2026-06-12,0.0767123287671232,put,646.0,0.9112324301046164,0.0,0.0,3.06,3.06,lastPrice,0.2901945580964958,0.043
2026-05-15,708.9299926757812,2026-06-12,0.0767123287671232,put,647.0,0.912643006621806,0.0,0.0,2.65,2.65,lastPrice,0.2752968705257778,0.043
2026-05-15,708.9299926757812,2026-06-12,0.0767123287671232,put,648.0,0.914053583138996,0.0,0.0,3.47,3.47,lastPrice,0.2942386250158029,0.043
2026-05-15,708.9299926757812,2026-06-12,0.0767123287671232,put,649.0,0.9154641596561858,0.0,0.0,3.15,3.15,lastPrice,0.2824391742046716,0.043
2026-05-15,708.9299926757812,2026-06-12,0.0767123287671232,put,650.0,0.9168747361733756,0.0,0.0,3.91,3.91,lastPrice,0.2982025941597125,0.043
2026-05-15,708.9299926757812,2026-06-12,0.0767123287671232,put,651.0,0.9182853126905652,0.0,0.0,3.81,3.81,lastPrice,0.2922333368803431,0.043
2026-05-15,708.9299926757812,2026-06-12,0.0767123287671232,put,652.0,0.9196958892077552,0.0,0.0,3.87,3.87,lastPrice,0.2901376561074286,0.043
2026-05-15,708.9299926757812,2026-06-12,0.0767123287671232,put,653.0,0.921106465724945,0.0,0.0,3.95,3.95,lastPrice,0.2884818848298916,0.043
2026-05-15,708.9299926757812,2026-06-12,0.0767123287671232,put,654.0,0.9225170422421348,0.0,0.0,3.88,3.88,lastPrice,0.2832625374611214,0.043
2026-05-15,708.9299926757812,2026-06-12,0.0767123287671232,put,655.0,0.9239276187593246,0.0,0.0,4.47,4.47,lastPrice,0.2931751502866862,0.043
2026-05-15,708.9299926757812,2026-06-12,0.0767123287671232,put,656.0,0.9253381952765144,0.0,0.0,4.39,4.39,lastPrice,0.2877331556552949,0.043
2026-05-15,708.9299926757812,2026-06-12,0.0767123287671232,put,657.0,0.9267487717937042,0.0,0.0,3.68,3.68,lastPrice,0.267888705397913,0.043
2026-05-15,708.9299926757812,2026-06-12,0.0767123287671232,put,658.0,0.928159348310894,0.0,0.0,3.98,3.98,lastPrice,0.2712558466699615,0.043
2026-05-15,708.9299926757812,2026-06-12,0.0767123287671232,put,659.0,0.929569924828084,0.0,0.0,4.59,4.59,lastPrice,0.2810638681695387,0.043
2026-05-15,708.9299926757812,2026-06-12,0.0767123287671232,put,660.0,0.9309805013452735,0.0,0.0,4.7,4.7,lastPrice,0.279690077069393,0.043
2026-05-15,708.9299926757812,2026-06-12,0.0767123287671232,put,661.0,0.9323910778624634,0.0,0.0,4.42,4.42,lastPrice,0.2700209795685852,0.043
2026-05-15,708.9299926757812,2026-06-12,0.0767123287671232,put,662.0,0.9338016543796532,0.0,0.0,4.42,4.42,lastPrice,0.2663254691534678,0.043
2026-05-15,708.9299926757812,2026-06-12,0.0767123287671232,put,663.0,0.935212230896843,0.0,0.0,4.56,4.56,lastPrice,0.2655617585727621,0.043
2026-05-15,708.9299926757812,2026-06-12,0.0767123287671232,put,664.0,0.9366228074140328,0.0,0.0,5.13,5.13,lastPrice,0.2734209070621993,0.043
2026-05-15,708.9299926757812,2026-06-12,0.0767123287671232,put,665.0,0.9380333839312228,0.0,0.0,4.92,4.92,lastPrice,0.2654037511027339,0.043
2026-05-15,708.9299926757812,2026-06-12,0.0767123287671232,put,666.0,0.9394439604484124,0.0,0.0,4.68,4.68,lastPrice,0.256778552657607,0.043
2026-05-15,708.9299926757812,2026-06-12,0.0767123287671232,put,667.0,0.9408545369656024,0.0,0.0,5.17,5.17,lastPrice,0.2626927482525105,0.043
2026-05-15,708.9299926757812,2026-06-12,0.0767123287671232,put,668.0,0.942265113482792,0.0,0.0,5.22,5.22,lastPrice,0.2597978650932882,0.043
2026-05-15,708.9299926757812,2026-06-12,0.0767123287671232,put,669.0,0.943675689999982,0.0,0.0,5.4,5.4,lastPrice,0.25934796839188,0.043
2026-05-15,708.9299926757812,2026-06-12,0.0767123287671232,put,670.0,0.9450862665171718,0.0,0.0,5.96,5.96,lastPrice,0.2658201132321167,0.043
2026-05-15,708.9299926757812,2026-06-12,0.0767123287671232,put,671.0,0.9464968430343615,0.0,0.0,5.38,5.38,lastPrice,0.2511351261275189,0.043
2026-05-15,708.9299926757812,2026-06-12,0.0767123287671232,put,672.0,0.9479074195515512,0.0,0.0,5.98,5.98,lastPrice,0.2581630201489351,0.043
2026-05-15,708.9299926757812,2026-06-12,0.0767123287671232,put,673.0,0.9493179960687412,0.0,0.0,6.06,6.06,lastPrice,0.2555614747563971,0.043
2026-05-15,708.9299926757812,2026-06-12,0.0767123287671232,put,674.0,0.9507285725859308,0.0,0.0,6.98,6.98,lastPrice,0.2674922874714847,0.043
2026-05-15,708.9299926757812,2026-06-12,0.0767123287671232,put,675.0,0.9521391491031208,0.0,0.0,7.0,7.0,lastPrice,0.2636475223149373,0.043
2026-05-15,708.9299926757812,2026-06-12,0.0767123287671232,put,676.0,0.9535497256203106,0.0,0.0,7.03,7.03,lastPrice,0.2599513709527353,0.043
2026-05-15,708.9299926757812,2026-06-12,0.0767123287671232,put,677.0,0.9549603021375004,0.0,0.0,7.5,7.5,lastPrice,0.2635225888859234,0.043
2026-05-15,708.9299926757812,2026-06-12,0.0767123287671232,put,678.0,0.9563708786546902,0.0,0.0,6.99,6.99,lastPrice,0.2508325754943992,0.043
2026-05-15,708.9299926757812,2026-06-12,0.0767123287671232,put,679.0,0.95778145517188,0.0,0.0,7.21,7.21,lastPrice,0.2501970780953104,0.043
2026-05-15,708.9299926757812,2026-06-12,0.0767123287671232,put,680.0,0.95919203168907,0.0,0.0,8.29,8.29,lastPrice,0.2632002320294113,0.043
2026-05-15,708.9299926757812,2026-06-12,0.0767123287671232,put,681.0,0.9606026082062596,0.0,0.0,8.39,8.39,lastPrice,0.2603351241686606,0.043
2026-05-15,708.9299926757812,2026-06-12,0.0767123287671232,put,682.0,0.9620131847234494,0.0,0.0,7.59,7.59,lastPrice,0.2433167133986383,0.043
2026-05-15,708.9299926757812,2026-06-12,0.0767123287671232,put,683.0,0.9634237612406392,0.0,0.0,8.42,8.42,lastPrice,0.2518513955757252,0.043
2026-05-15,708.9299926757812,2026-06-12,0.0767123287671232,put,684.0,0.964834337757829,0.0,0.0,8.26,8.26,lastPrice,0.2448860454090361,0.043
2026-05-15,708.9299926757812,2026-06-12,0.0767123287671232,put,685.0,0.9662449142750188,0.0,0.0,9.76,9.76,lastPrice,0.2629664808902329,0.043
2026-05-15,708.9299926757812,2026-06-12,0.0767123287671232,put,686.0,0.9676554907922088,0.0,0.0,10.0,10.0,lastPrice,0.2618177880828344,0.043
2026-05-15,708.9299926757812,2026-06-12,0.0767123287671232,put,687.0,0.9690660673093984,0.0,0.0,8.51,8.51,lastPrice,0.2350250761387204,0.043
2026-05-15,708.9299926757812,2026-06-12,0.0767123287671232,put,688.0,0.9704766438265884,0.0,0.0,8.93,8.93,lastPrice,0.2366343378637478,0.043
2026-05-15,708.9299926757812,2026-06-12,0.0767123287671232,put,689.0,0.971887220343778,0.0,0.0,9.27,9.27,lastPrice,0.2369209090066319,0.043
2026-05-15,708.9299926757812,2026-06-12,0.0767123287671232,put,690.0,0.9732977968609678,0.0,0.0,10.92,10.92,lastPrice,0.2558445876765373,0.043
2026-05-15,708.9299926757812,2026-06-12,0.0767123287671232,put,691.0,0.9747083733781576,0.0,0.0,9.9,9.9,lastPrice,0.2364198104393559,0.043
2026-05-15,708.9299926757812,2026-06-12,0.0767123287671232,put,692.0,0.9761189498953476,0.0,0.0,10.3,10.3,lastPrice,0.2372078579221174,0.043
2026-05-15,708.9299926757812,2026-06-12,0.0767123287671232,put,693.0,0.9775295264125372,0.0,0.0,11.09,11.09,lastPrice,0.2433131413954862,0.043
2026-05-15,708.9299926757812,2026-06-12,0.0767123287671232,put,694.0,0.9789401029297272,0.0,0.0,10.25,10.25,lastPrice,0.2265769657109495,0.043
2026-05-15,708.9299926757812,2026-06-12,0.0767123287671232,put,695.0,0.9803506794469168,0.0,0.0,11.23,11.23,lastPrice,0.2350976861264485,0.043
2026-05-15,708.9299926757812,2026-06-12,0.0767123287671232,put,696.0,0.9817612559641068,0.0,0.0,10.73,10.73,lastPrice,0.2231002783431579,0.043
2026-05-15,708.9299926757812,2026-06-12,0.0767123287671232,put,697.0,0.9831718324812966,0.0,0.0,12.2,12.2,lastPrice,0.2379256120785664,0.043
2026-05-15,708.9299926757812,2026-06-12,0.0767123287671232,put,698.0,0.9845824089984864,0.0,0.0,11.65,11.65,lastPrice,0.2252083153813993,0.043
2026-05-15,708.9299926757812,2026-06-12,0.0767123287671232,put,699.0,0.9859929855156762,0.0,0.0,12.2,12.2,lastPrice,0.2272652575362353,0.043
2026-05-15,708.9299926757812,2026-06-12,0.0767123287671232,put,700.0,0.987403562032866,0.0,0.0,14.45,14.45,lastPrice,0.2517043438963751,0.043
2026-05-15,708.9299926757812,2026-06-12,0.0767123287671232,put,701.0,0.9888141385500558,0.0,0.0,14.9,14.9,lastPrice,0.2520254422554074,0.043
2026-05-15,708.9299926757812,2026-06-12,0.0767123287671232,put,702.0,0.9902247150672456,0.0,0.0,13.1,13.1,lastPrice,0.2227267478403523,0.043
2026-05-15,708.9299926757812,2026-06-12,0.0767123287671232,put,703.0,0.9916352915844354,0.0,0.0,12.67,12.67,lastPrice,0.2114548868380981,0.043
2026-05-15,708.9299926757812,2026-06-12,0.0767123287671232,put,704.0,0.9930458681016252,0.0,0.0,14.57,14.57,lastPrice,0.230521067044955,0.043
2026-05-15,708.9299926757812,2026-06-12,0.0767123287671232,put,705.0,0.994456444618815,0.0,0.0,15.62,15.62,lastPrice,0.2382703181957317,0.043
2026-05-15,708.9299926757812,2026-06-12,0.0767123287671232,put,706.0,0.9958670211360048,0.0,0.0,16.05,16.05,lastPrice,0.2378519513995559,0.043
2026-05-15,708.9299926757812,2026-06-12,0.0767123287671232,put,707.0,0.9972775976531948,0.0,0.0,15.81,15.81,lastPrice,0.2287055867229792,0.043
2026-05-15,708.9299926757812,2026-06-12,0.0767123287671232,put,708.0,0.9986881741703844,0.0,0.0,17.6,17.6,lastPrice,0.2455492166384948,0.043
2026-05-15,708.9299926757812,2026-06-12,0.0767123287671232,call,709.0,1.0000987506875745,0.0,0.0,19.75,19.75,lastPrice,0.2378142070291812,0.043
2026-05-15,708.9299926757812,2026-06-12,0.0767123287671232,call,710.0,1.0015093272047642,0.0,0.0,17.37,17.37,lastPrice,0.2137751295985749,0.043
2026-05-15,708.9299926757812,2026-06-12,0.0767123287671232,call,711.0,1.0029199037219538,0.0,0.0,17.74,17.74,lastPrice,0.2248108040080905,0.043
2026-05-15,708.9299926757812,2026-06-12,0.0767123287671232,call,712.0,1.0043304802391435,0.0,0.0,17.59,17.59,lastPrice,0.2290742950446603,0.043
2026-05-15,708.9299926757812,2026-06-12,0.0767123287671232,call,713.0,1.0057410567563334,0.0,0.0,15.21,15.21,lastPrice,0.2047530516027975,0.043
2026-05-15,708.9299926757812,2026-06-12,0.0767123287671232,call,714.0,1.0071516332735233,0.0,0.0,14.72,14.72,lastPrice,0.2044361227807747,0.043
2026-05-15,708.9299926757812,2026-06-12,0.0767123287671232,call,715.0,1.0085622097907132,0.0,0.0,14.18,14.18,lastPrice,0.2033537189131333,0.043
2026-05-15,708.9299926757812,2026-06-12,0.0767123287671232,call,716.0,1.0099727863079029,0.0,0.0,15.88,15.88,lastPrice,0.2308315400721696,0.043
2026-05-15,708.9299926757812,2026-06-12,0.0767123287671232,call,717.0,1.0113833628250928,0.0,0.0,14.62,14.62,lastPrice,0.2203178437233341,0.043
2026-05-15,708.9299926757812,2026-06-12,0.0767123287671232,call,718.0,1.0127939393422825,0.0,0.0,14.71,14.71,lastPrice,0.2270018778214295,0.043
2026-05-15,708.9299926757812,2026-06-12,0.0767123287671232,call,719.0,1.0142045158594724,0.0,0.0,16.6,16.6,lastPrice,0.2567652324361754,0.043
2026-05-15,708.9299926757812,2026-06-12,0.0767123287671232,call,720.0,1.0156150923766625,0.0,0.0,11.95,11.95,lastPrice,0.20205894112183,0.043
2026-05-15,708.9299926757812,2026-06-12,0.0767123287671232,call,721.0,1.017025668893852,0.0,0.0,12.08,12.08,lastPrice,0.2089340372931048,0.043
2026-05-15,708.9299926757812,2026-06-12,0.0767123287671232,call,722.0,1.0184362454110418,0.0,0.0,13.57,13.57,lastPrice,0.2334921863712457,0.043
2026-05-15,708.9299926757812,2026-06-12,0.0767123287671232,call,723.0,1.0198468219282315,0.0,0.0,12.08,12.08,lastPrice,0.2190813668948923,0.043
2026-05-15,708.9299926757812,2026-06-12,0.0767123287671232,call,724.0,1.0212573984454214,0.0,0.0,13.35,13.35,lastPrice,0.2407525702010666,0.043
2026-05-15,708.9299926757812,2026-06-12,0.0767123287671232,call,725.0,1.0226679749626113,0.0,0.0,9.85,9.85,lastPrice,0.1992367398057232,0.043
2026-05-15,708.9299926757812,2026-06-12,0.0767123287671232,call,726.0,1.024078551479801,0.0,0.0,12.12,12.12,lastPrice,0.2343359856460536,0.043
2026-05-15,708.9299926757812,2026-06-12,0.0767123287671232,call,727.0,1.0254891279969909,0.0,0.0,10.76,10.76,lastPrice,0.2209006092840466,0.043
2026-05-15,708.9299926757812,2026-06-12,0.0767123287671232,call,728.0,1.0268997045141806,0.0,0.0,11.58,11.58,lastPrice,0.2366161449891226,0.043
2026-05-15,708.9299926757812,2026-06-12,0.0767123287671232,call,729.0,1.0283102810313705,0.0,0.0,9.15,9.15,lastPrice,0.2081046817639825,0.043
2026-05-15,708.9299926757812,2026-06-12,0.0767123287671232,call,730.0,1.02972085754856,0.0,0.0,8.02,8.02,lastPrice,0.1967191415727847,0.043
2026-05-15,708.9299926757812,2026-06-12,0.0767123287671232,call,731.0,1.03113143406575,0.0,0.0,8.94,8.94,lastPrice,0.2139996989616405,0.043
2026-05-15,708.9299926757812,2026-06-12,0.0767123287671232,call,732.0,1.03254201058294,0.0,0.0,9.0,9.0,lastPrice,0.2191752691389494,0.043
2026-05-15,708.9299926757812,2026-06-12,0.0767123287671232,call,733.0,1.0339525871001296,0.0,0.0,7.86,7.86,lastPrice,0.207174491530081,0.043
2026-05-15,708.9299926757812,2026-06-12,0.0767123287671232,call,734.0,1.0353631636173195,0.0,0.0,8.2,8.2,lastPrice,0.2162500459289345,0.043
2026-05-15,708.9299926757812,2026-06-12,0.0767123287671232,call,735.0,1.0367737401345092,0.0,0.0,7.03,7.03,lastPrice,0.2032000635693927,0.043
2026-05-15,708.9299926757812,2026-06-12,0.0767123287671232,call,736.0,1.038184316651699,0.0,0.0,6.8,6.8,lastPrice,0.2037383650506932,0.043
2026-05-15,708.9299926757812,2026-06-12,0.0767123287671232,call,737.0,1.039594893168889,0.0,0.0,7.62,7.62,lastPrice,0.2199938807283798,0.043
2026-05-15,708.9299926757812,2026-06-12,0.0767123287671232,call,738.0,1.0410054696860789,0.0,0.0,6.0,6.0,lastPrice,0.1991983087194008,0.043
2026-05-15,708.9299926757812,2026-06-12,0.0767123287671232,call,739.0,1.0424160462032686,0.0,0.0,5.36,5.36,lastPrice,0.1927512399122395,0.043
2026-05-15,708.9299926757812,2026-06-12,0.0767123287671232,call,740.0,1.0438266227204582,0.0,0.0,5.14,5.14,lastPrice,0.1928201499332866,0.043
2026-05-15,708.9299926757812,2026-06-12,0.0767123287671232,call,741.0,1.045237199237648,0.0,0.0,6.59,6.59,lastPrice,0.2198039987567975,0.043
2026-05-15,708.9299926757812,2026-06-12,0.0767123287671232,call,742.0,1.046647775754838,0.0,0.0,5.77,5.77,lastPrice,0.2104210283562375,0.043
2026-05-15,708.9299926757812,2026-06-12,0.0767123287671232,call,743.0,1.0480583522720277,0.0,0.0,6.13,6.13,lastPrice,0.2199146904281718,0.043
2026-05-15,708.9299926757812,2026-06-12,0.0767123287671232,call,744.0,1.0494689287892176,0.0,0.0,5.46,5.46,lastPrice,0.212520922047726,0.043
2026-05-15,708.9299926757812,2026-06-12,0.0767123287671232,call,745.0,1.0508795053064073,0.0,0.0,4.24,4.24,lastPrice,0.1948492165727831,0.043
2026-05-15,708.9299926757812,2026-06-12,0.0767123287671232,call,746.0,1.0522900818235972,0.0,0.0,4.55,4.55,lastPrice,0.2037943690325718,0.043
2026-05-15,708.9299926757812,2026-06-12,0.0767123287671232,call,747.0,1.053700658340787,0.0,0.0,5.34,5.34,lastPrice,0.2210378028295712,0.043
2026-05-15,708.9299926757812,2026-06-12,0.0767123287671232,call,748.0,1.0551112348579768,0.0,0.0,4.46,4.46,lastPrice,0.2089128756939347,0.043
2026-05-15,708.9299926757812,2026-06-12,0.0767123287671232,call,749.0,1.0565218113751669,0.0,0.0,4.88,4.88,lastPrice,0.2198339310373911,0.043
2026-05-15,708.9299926757812,2026-06-12,0.0767123287671232,call,750.0,1.0579323878923563,0.0,0.0,3.14,3.14,lastPrice,0.1898789337620845,0.043
2026-05-15,708.9299926757812,2026-06-12,0.0767123287671232,call,755.0,1.0649852704783054,0.0,0.0,2.78,2.78,lastPrice,0.1972350274790197,0.043
2026-05-15,708.9299926757812,2026-06-12,0.0767123287671232,call,760.0,1.0720381530642544,0.0,0.0,2.0,2.0,lastPrice,0.192344135074173,0.043
2026-05-15,708.9299926757812,2026-06-12,0.0767123287671232,call,765.0,1.0790910356502037,0.0,0.0,1.46,1.46,lastPrice,0.1896854395051038,0.043
2026-05-15,708.9299926757812,2026-06-12,0.0767123287671232,call,770.0,1.0861439182361523,0.0,0.0,1.42,1.42,lastPrice,0.2008606848994973,0.043
2026-05-15,708.9299926757812,2026-06-12,0.0767123287671232,call,775.0,1.0931968008221016,0.0,0.0,1.08,1.08,lastPrice,0.2002851167810372,0.043
2026-05-15,708.9299926757812,2026-06-12,0.0767123287671232,call,780.0,1.1002496834080506,0.0,0.0,0.99,0.99,lastPrice,0.2079483905560411,0.043
2026-05-15,708.9299926757812,2026-06-12,0.0767123287671232,call,785.0,1.1073025659939997,0.0,0.0,0.91,0.91,lastPrice,0.2154164896912098,0.043
2026-05-15,708.9299926757812,2026-06-12,0.0767123287671232,call,790.0,1.1143554485799487,0.0,0.0,0.4,0.4,lastPrice,0.1951780422994244,0.043
2026-05-15,708.9299926757812,2026-06-12,0.0767123287671232,call,795.0,1.1214083311658978,0.0,0.0,0.32,0.32,lastPrice,0.1977692287244377,0.043
2026-05-15,708.9299926757812,2026-06-12,0.0767123287671232,call,800.0,1.1284612137518468,0.0,0.0,0.23,0.23,lastPrice,0.1972543907539412,0.043
2026-05-15,708.9299926757812,2026-06-12,0.0767123287671232,call,805.0,1.135514096337796,0.0,0.0,0.16,0.16,lastPrice,0.196200019554992,0.043
2026-05-15,708.9299926757812,2026-06-12,0.0767123287671232,call,810.0,1.142566978923745,0.0,0.0,0.15,0.15,lastPrice,0.2029279423863516,0.043
2026-05-15,708.9299926757812,2026-07-17,0.1726027397260274,put,603.0,0.8505776398654545,0.0,0.0,3.98,3.98,lastPrice,0.3160606246420424,0.043
2026-05-15,708.9299926757812,2026-07-17,0.1726027397260274,put,604.0,0.8519882163826443,0.0,0.0,4.2,4.2,lastPrice,0.31833115328621,0.043
2026-05-15,708.9299926757812,2026-07-17,0.1726027397260274,put,605.0,0.8533987928998342,0.0,0.0,4.0,4.0,lastPrice,0.3118065409450682,0.043
2026-05-15,708.9299926757812,2026-07-17,0.1726027397260274,put,606.0,0.854809369417024,0.0,0.0,4.05,4.05,lastPrice,0.3105125136968605,0.043
2026-05-15,708.9299926757812,2026-07-17,0.1726027397260274,put,607.0,0.8562199459342138,0.0,0.0,4.18,4.18,lastPrice,0.3108460736072007,0.043
2026-05-15,708.9299926757812,2026-07-17,0.1726027397260274,put,608.0,0.8576305224514036,0.0,0.0,4.26,4.26,lastPrice,0.3101118481654371,0.043
2026-05-15,708.9299926757812,2026-07-17,0.1726027397260274,put,609.0,0.8590410989685934,0.0,0.0,4.4,4.4,lastPrice,0.3105411716396589,0.043
2026-05-15,708.9299926757812,2026-07-17,0.1726027397260274,put,610.0,0.8604516754857832,0.0,0.0,4.57,4.57,lastPrice,0.3114889033755986,0.043
2026-05-15,708.9299926757812,2026-07-17,0.1726027397260274,put,611.0,0.8618622520029731,0.0,0.0,4.55,4.55,lastPrice,0.3087111916296484,0.043
2026-05-15,708.9299926757812,2026-07-17,0.1726027397260274,put,612.0,0.8632728285201628,0.0,0.0,4.52,4.52,lastPrice,0.3057442618794159,0.043
2026-05-15,708.9299926757812,2026-07-17,0.1726027397260274,put,613.0,0.8646834050373526,0.0,0.0,4.31,4.31,lastPrice,0.2992868137866764,0.043
2026-05-15,708.9299926757812,2026-07-17,0.1726027397260274,put,614.0,0.8660939815545424,0.0,0.0,4.67,4.67,lastPrice,0.3038193141509253,0.043
2026-05-15,708.9299926757812,2026-07-17,0.1726027397260274,put,615.0,0.8675045580717322,0.0,0.0,5.18,5.18,lastPrice,0.3107797600851414,0.043
2026-05-15,708.9299926757812,2026-07-17,0.1726027397260274,put,616.0,0.8689151345889221,0.0,0.0,5.01,5.01,lastPrice,0.3052735638022394,0.043
2026-05-15,708.9299926757812,2026-07-17,0.1726027397260274,put,617.0,0.8703257111061119,0.0,0.0,4.78,4.78,lastPrice,0.2986554870397361,0.043
2026-05-15,708.9299926757812,2026-07-17,0.1726027397260274,put,618.0,0.8717362876233017,0.0,0.0,5.15,5.15,lastPrice,0.3029137751417112,0.043
2026-05-15,708.9299926757812,2026-07-17,0.1726027397260274,put,619.0,0.8731468641404915,0.0,0.0,5.04,5.04,lastPrice,0.2985205615194044,0.043
2026-05-15,708.9299926757812,2026-07-17,0.1726027397260274,put,620.0,0.8745574406576813,0.0,0.0,5.64,5.64,lastPrice,0.3064894279563261,0.043
2026-05-15,708.9299926757812,2026-07-17,0.1726027397260274,put,625.0,0.8816103232436303,0.0,0.0,6.11,6.11,lastPrice,0.3017302843750022,0.043
2026-05-15,708.9299926757812,2026-07-17,0.1726027397260274,put,630.0,0.8886632058295794,0.0,0.0,6.7,6.7,lastPrice,0.2981989947976944,0.043
2026-05-15,708.9299926757812,2026-07-17,0.1726027397260274,put,635.0,0.8957160884155284,0.0,0.0,6.61,6.61,lastPrice,0.283996741042483,0.043
2026-05-15,708.9299926757812,2026-07-17,0.1726027397260274,put,640.0,0.9027689710014776,0.0,0.0,7.8,7.8,lastPrice,0.2878820561384871,0.043
2026-05-15,708.9299926757812,2026-07-17,0.1726027397260274,put,645.0,0.9098218535874264,0.0,0.0,8.58,8.58,lastPrice,0.2848235363937563,0.043
2026-05-15,708.9299926757812,2026-07-17,0.1726027397260274,put,650.0,0.9168747361733756,0.0,0.0,9.32,9.32,lastPrice,0.2804346335879638,0.043
2026-05-15,708.9299926757812,2026-07-17,0.1726027397260274,put,655.0,0.9239276187593246,0.0,0.0,10.28,10.28,lastPrice,0.2779149659829126,0.043
2026-05-15,708.9299926757812,2026-07-17,0.1726027397260274,put,660.0,0.9309805013452735,0.0,0.0,11.05,11.05,lastPrice,0.2723346694587182,0.043
2026-05-15,708.9299926757812,2026-07-17,0.1726027397260274,put,665.0,0.9380333839312228,0.0,0.0,12.2,12.2,lastPrice,0.2701908196888966,0.043
2026-05-15,708.9299926757812,2026-07-17,0.1726027397260274,put,670.0,0.9450862665171718,0.0,0.0,13.32,13.32,lastPrice,0.2667558234382217,0.043
2026-05-15,708.9299926757812,2026-07-17,0.1726027397260274,put,675.0,0.9521391491031208,0.0,0.0,13.73,13.73,lastPrice,0.2552774356633865,0.043
2026-05-15,708.9299926757812,2026-07-17,0.1726027397260274,put,680.0,0.95919203168907,0.0,0.0,15.93,15.93,lastPrice,0.2608100314409908,0.043
2026-05-15,708.9299926757812,2026-07-17,0.1726027397260274,put,685.0,0.9662449142750188,0.0,0.0,17.07,17.07,lastPrice,0.2548501366294919,0.043
2026-05-15,708.9299926757812,2026-07-17,0.1726027397260274,put,690.0,0.9732977968609678,0.0,0.0,18.82,18.82,lastPrice,0.2536335060717978,0.043
2026-05-15,708.9299926757812,2026-07-17,0.1726027397260274,put,695.0,0.9803506794469168,0.0,0.0,18.99,18.99,lastPrice,0.2371556028549794,0.043
2026-05-15,708.9299926757812,2026-07-17,0.1726027397260274,put,700.0,0.987403562032866,0.0,0.0,22.14,22.14,lastPrice,0.2463271452154735,0.043
2026-05-15,708.9299926757812,2026-07-17,0.1726027397260274,put,705.0,0.994456444618815,0.0,0.0,23.87,23.87,lastPrice,0.2417144868867254,0.043
2026-05-15,708.9299926757812,2026-07-17,0.1726027397260274,call,710.0,1.0015093272047642,0.0,0.0,26.65,26.65,lastPrice,0.2092216899480616,0.043
2026-05-15,708.9299926757812,2026-07-17,0.1726027397260274,call,715.0,1.0085622097907132,0.0,0.0,24.0,24.0,lastPrice,0.2075201291599611,0.043
2026-05-15,708.9299926757812,2026-07-17,0.1726027397260274,call,720.0,1.0156150923766625,0.0,0.0,21.47,21.47,lastPrice,0.2054838174041487,0.043
2026-05-15,708.9299926757812,2026-07-17,0.1726027397260274,call,725.0,1.0226679749626113,0.0,0.0,19.5,19.5,lastPrice,0.2068692472171713,0.043
2026-05-15,708.9299926757812,2026-07-17,0.1726027397260274,call,730.0,1.02972085754856,0.0,0.0,17.54,17.54,lastPrice,0.2070213515717001,0.043
2026-05-15,708.9299926757812,2026-07-17,0.1726027397260274,call,735.0,1.0367737401345092,0.0,0.0,15.58,15.58,lastPrice,0.205839555082637,0.043
2026-05-15,708.9299926757812,2026-07-17,0.1726027397260274,call,740.0,1.0438266227204582,0.0,0.0,12.78,12.78,lastPrice,0.1955573508710689,0.043
2026-05-15,708.9299926757812,2026-07-17,0.1726027397260274,call,745.0,1.0508795053064073,0.0,0.0,11.97,11.97,lastPrice,0.2021050387661586,0.043
2026-05-15,708.9299926757812,2026-07-17,0.1726027397260274,call,750.0,1.0579323878923563,0.0,0.0,9.96,9.96,lastPrice,0.1959380671631028,0.043
2026-05-15,708.9299926757812,2026-07-17,0.1726027397260274,call,755.0,1.0649852704783054,0.0,0.0,8.98,8.98,lastPrice,0.1985327540488572,0.043
2026-05-15,708.9299926757812,2026-07-17,0.1726027397260274,call,760.0,1.0720381530642544,0.0,0.0,7.71,7.71,lastPrice,0.1968630851905516,0.043
2026-05-15,708.9299926757812,2026-07-17,0.1726027397260274,call,765.0,1.0790910356502037,0.0,0.0,6.23,6.23,lastPrice,0.1911116790515389,0.043
2026-05-15,708.9299926757812,2026-07-17,0.1726027397260274,call,770.0,1.0861439182361523,0.0,0.0,5.3,5.3,lastPrice,0.1901376062826773,0.043
2026-05-15,708.9299926757812,2026-07-17,0.1726027397260274,call,775.0,1.0931968008221016,0.0,0.0,4.87,4.87,lastPrice,0.1945386460048727,0.043
2026-05-15,708.9299926757812,2026-07-17,0.1726027397260274,call,780.0,1.1002496834080506,0.0,0.0,3.9,3.9,lastPrice,0.1902512374500688,0.043
2026-05-15,708.9299926757812,2026-07-17,0.1726027397260274,call,785.0,1.1073025659939997,0.0,0.0,3.55,3.55,lastPrice,0.1939600043804316,0.043
2026-05-15,708.9299926757812,2026-07-17,0.1726027397260274,call,790.0,1.1143554485799487,0.0,0.0,2.87,2.87,lastPrice,0.1911335040580438,0.043
2026-05-15,708.9299926757812,2026-07-17,0.1726027397260274,call,795.0,1.1214083311658978,0.0,0.0,2.47,2.47,lastPrice,0.1919312434932544,0.043
2026-05-15,708.9299926757812,2026-07-17,0.1726027397260274,call,800.0,1.1284612137518468,0.0,0.0,2.1,2.1,lastPrice,0.192243564145953,0.043
2026-05-15,708.9299926757812,2026-07-17,0.1726027397260274,call,805.0,1.135514096337796,0.0,0.0,1.87,1.87,lastPrice,0.1947292593792942,0.043
2026-05-15,708.9299926757812,2026-07-17,0.1726027397260274,call,810.0,1.142566978923745,0.0,0.0,2.16,2.16,lastPrice,0.2091766986360981,0.043
2026-05-15,708.9299926757812,2026-07-17,0.1726027397260274,call,815.0,1.149619861509694,0.0,0.0,1.78,1.78,lastPrice,0.2075102155228669,0.043
2026-05-15,708.9299926757812,2026-08-21,0.2684931506849315,put,605.0,0.8533987928998342,0.0,0.0,7.36,7.36,lastPrice,0.3046565764944025,0.043
2026-05-15,708.9299926757812,2026-08-21,0.2684931506849315,put,610.0,0.8604516754857832,0.0,0.0,7.9,7.9,lastPrice,0.3011471821380433,0.043
2026-05-15,708.9299926757812,2026-08-21,0.2684931506849315,put,615.0,0.8675045580717322,0.0,0.0,8.1,8.1,lastPrice,0.2930308644651861,0.043
2026-05-15,708.9299926757812,2026-08-21,0.2684931506849315,put,620.0,0.8745574406576813,0.0,0.0,9.61,9.61,lastPrice,0.3000939448073645,0.043
2026-05-15,708.9299926757812,2026-08-21,0.2684931506849315,put,625.0,0.8816103232436303,0.0,0.0,10.04,10.04,lastPrice,0.2938502688068725,0.043
2026-05-15,708.9299926757812,2026-08-21,0.2684931506849315,put,630.0,0.8886632058295794,0.0,0.0,10.97,10.97,lastPrice,0.292634441867066,0.043
2026-05-15,708.9299926757812,2026-08-21,0.2684931506849315,put,635.0,0.8957160884155284,0.0,0.0,11.75,11.75,lastPrice,0.289247096578639,0.043
2026-05-15,708.9299926757812,2026-08-21,0.2684931506849315,put,640.0,0.9027689710014776,0.0,0.0,11.91,11.91,lastPrice,0.2792915541699611,0.043
2026-05-15,708.9299926757812,2026-08-21,0.2684931506849315,put,645.0,0.9098218535874264,0.0,0.0,12.34,12.34,lastPrice,0.2718228574950952,0.043
2026-05-15,708.9299926757812,2026-08-21,0.2684931506849315,put,650.0,0.9168747361733756,0.0,0.0,14.26,14.26,lastPrice,0.2777835345381316,0.043
2026-05-15,708.9299926757812,2026-08-21,0.2684931506849315,put,655.0,0.9239276187593246,0.0,0.0,15.25,15.25,lastPrice,0.2743597277109622,0.043
2026-05-15,708.9299926757812,2026-08-21,0.2684931506849315,put,660.0,0.9309805013452735,0.0,0.0,16.25,16.25,lastPrice,0.2704904277308564,0.043
2026-05-15,708.9299926757812,2026-08-21,0.2684931506849315,put,665.0,0.9380333839312228,0.0,0.0,17.7,17.7,lastPrice,0.2698104613922829,0.043
2026-05-15,708.9299926757812,2026-08-21,0.2684931506849315,put,670.0,0.9450862665171718,0.0,0.0,18.6,18.6,lastPrice,0.2640210160670759,0.043
2026-05-15,708.9299926757812,2026-08-21,0.2684931506849315,put,675.0,0.9521391491031208,0.0,0.0,18.87,18.87,lastPrice,0.2528514463105762,0.043
2026-05-15,708.9299926757812,2026-08-21,0.2684931506849315,put,680.0,0.95919203168907,0.0,0.0,20.44,20.44,lastPrice,0.2513983156152024,0.043
2026-05-15,708.9299926757812,2026-08-21,0.2684931506849315,put,685.0,0.9662449142750188,0.0,0.0,23.0,23.0,lastPrice,0.2566029517306396,0.043
2026-05-15,708.9299926757812,2026-08-21,0.2684931506849315,put,690.0,0.9732977968609678,0.0,0.0,24.56,24.56,lastPrice,0.2535386247069032,0.043
2026-05-15,708.9299926757812,2026-08-21,0.2684931506849315,put,695.0,0.9803506794469168,0.0,0.0,26.35,26.35,lastPrice,0.2514777854292513,0.043
2026-05-15,708.9299926757812,2026-08-21,0.2684931506849315,put,700.0,0.987403562032866,0.0,0.0,28.31,28.31,lastPrice,0.2499271111219757,0.043
2026-05-15,708.9299926757812,2026-08-21,0.2684931506849315,put,705.0,0.994456444618815,0.0,0.0,30.49,30.49,lastPrice,0.2491984433768018,0.043
2026-05-15,708.9299926757812,2026-08-21,0.2684931506849315,call,710.0,1.0015093272047642,0.0,0.0,35.18,35.18,lastPrice,0.2162329491341389,0.043
2026-05-15,708.9299926757812,2026-08-21,0.2684931506849315,call,715.0,1.0085622097907132,0.0,0.0,33.94,33.94,lastPrice,0.2246941561773493,0.043
2026-05-15,708.9299926757812,2026-08-21,0.2684931506849315,call,720.0,1.0156150923766625,0.0,0.0,29.86,29.86,lastPrice,0.2128772560480392,0.043
2026-05-15,708.9299926757812,2026-08-21,0.2684931506849315,call,725.0,1.0226679749626113,0.0,0.0,27.38,27.38,lastPrice,0.2111742524407644,0.043
2026-05-15,708.9299926757812,2026-08-21,0.2684931506849315,call,730.0,1.02972085754856,0.0,0.0,25.2,25.2,lastPrice,0.2106780211365485,0.043
2026-05-15,708.9299926757812,2026-08-21,0.2684931506849315,call,735.0,1.0367737401345092,0.0,0.0,26.02,26.02,lastPrice,0.2300706871910594,0.043
2026-05-15,708.9299926757812,2026-08-21,0.2684931506849315,call,740.0,1.0438266227204582,0.0,0.0,21.0,21.0,lastPrice,0.2082579660628407,0.043
2026-05-15,708.9299926757812,2026-08-21,0.2684931506849315,call,745.0,1.0508795053064073,0.0,0.0,19.46,19.46,lastPrice,0.2097392726234979,0.043
2026-05-15,708.9299926757812,2026-08-21,0.2684931506849315,call,750.0,1.0579323878923563,0.0,0.0,18.05,18.05,lastPrice,0.2114039008934647,0.043
2026-05-15,708.9299926757812,2026-08-21,0.2684931506849315,call,755.0,1.0649852704783054,0.0,0.0,15.86,15.86,lastPrice,0.2065269536942098,0.043
2026-05-15,708.9299926757812,2026-08-21,0.2684931506849315,call,760.0,1.0720381530642544,0.0,0.0,13.69,13.69,lastPrice,0.2006909733223973,0.043
2026-05-15,708.9299926757812,2026-08-21,0.2684931506849315,call,765.0,1.0790910356502037,0.0,0.0,13.68,13.68,lastPrice,0.2108517793061858,0.043
2026-05-15,708.9299926757812,2026-08-21,0.2684931506849315,call,770.0,1.0861439182361523,0.0,0.0,10.86,10.86,lastPrice,0.1977464711692518,0.043
2026-05-15,708.9299926757812,2026-08-21,0.2684931506849315,call,775.0,1.0931968008221016,0.0,0.0,10.71,10.71,lastPrice,0.2058057189487172,0.043
2026-05-15,708.9299926757812,2026-08-21,0.2684931506849315,call,780.0,1.1002496834080506,0.0,0.0,8.72,8.72,lastPrice,0.1971277913223645,0.043
2026-05-15,708.9299926757812,2026-08-21,0.2684931506849315,call,785.0,1.1073025659939997,0.0,0.0,8.58,8.58,lastPrice,0.2044040935325239,0.043
2026-05-15,708.9299926757812,2026-08-21,0.2684931506849315,call,790.0,1.1143554485799487,0.0,0.0,7.04,7.04,lastPrice,0.1976190531155972,0.043
2026-05-15,708.9299926757812,2026-08-21,0.2684931506849315,call,795.0,1.1214083311658978,0.0,0.0,7.57,7.57,lastPrice,0.2109943512988032,0.043
2026-05-15,708.9299926757812,2026-08-21,0.2684931506849315,call,800.0,1.1284612137518468,0.0,0.0,5.49,5.49,lastPrice,0.1963159464974025,0.043
2026-05-15,708.9299926757812,2026-08-21,0.2684931506849315,call,805.0,1.135514096337796,0.0,0.0,5.0,5.0,lastPrice,0.1978105696522734,0.043
2026-05-15,708.9299926757812,2026-08-21,0.2684931506849315,call,810.0,1.142566978923745,0.0,0.0,4.31,4.31,lastPrice,0.1961159611161551,0.043
2026-05-15,708.9299926757812,2026-08-21,0.2684931506849315,call,815.0,1.149619861509694,0.0,0.0,4.1,4.1,lastPrice,0.2001076246895936,0.043
2026-05-15,708.9299926757812,2026-10-16,0.421917808219178,put,605.0,0.8533987928998342,0.0,0.0,12.45,12.45,lastPrice,0.2994494688416126,0.043
2026-05-15,708.9299926757812,2026-10-16,0.421917808219178,put,610.0,0.8604516754857832,0.0,0.0,13.21,13.21,lastPrice,0.2968893046478097,0.043
2026-05-15,708.9299926757812,2026-10-16,0.421917808219178,put,615.0,0.8675045580717322,0.0,0.0,13.42,13.42,lastPrice,0.2893383073052846,0.043
2026-05-15,708.9299926757812,2026-10-16,0.421917808219178,put,620.0,0.8745574406576813,0.0,0.0,15.37,15.37,lastPrice,0.2959899255677158,0.043
2026-05-15,708.9299926757812,2026-10-16,0.421917808219178,put,625.0,0.8816103232436303,0.0,0.0,15.1,15.1,lastPrice,0.2841969950741667,0.043
2026-05-15,708.9299926757812,2026-10-16,0.421917808219178,put,630.0,0.8886632058295794,0.0,0.0,16.26,16.26,lastPrice,0.2835866969617023,0.043
2026-05-15,708.9299926757812,2026-10-16,0.421917808219178,put,635.0,0.8957160884155284,0.0,0.0,17.79,17.79,lastPrice,0.2852558695436267,0.043
2026-05-15,708.9299926757812,2026-10-16,0.421917808219178,put,640.0,0.9027689710014776,0.0,0.0,17.43,17.43,lastPrice,0.2726414959458471,0.043
2026-05-15,708.9299926757812,2026-10-16,0.421917808219178,put,645.0,0.9098218535874264,0.0,0.0,18.43,18.43,lastPrice,0.2698253630153633,0.043
2026-05-15,708.9299926757812,2026-10-16,0.421917808219178,put,650.0,0.9168747361733756,0.0,0.0,19.98,19.98,lastPrice,0.2704562289664364,0.043
2026-05-15,708.9299926757812,2026-10-16,0.421917808219178,put,655.0,0.9239276187593246,0.0,0.0,20.74,20.74,lastPrice,0.265248387966489,0.043
2026-05-15,708.9299926757812,2026-10-16,0.421917808219178,put,660.0,0.9309805013452735,0.0,0.0,22.8,22.8,lastPrice,0.2683097419527154,0.043
2026-05-15,708.9299926757812,2026-10-16,0.421917808219178,put,665.0,0.9380333839312228,0.0,0.0,24.55,24.55,lastPrice,0.2687435209958281,0.043
2026-05-15,708.9299926757812,2026-10-16,0.421917808219178,put,670.0,0.9450862665171718,0.0,0.0,25.13,25.13,lastPrice,0.2613804909386001,0.043
2026-05-15,708.9299926757812,2026-10-16,0.421917808219178,put,675.0,0.9521391491031208,0.0,0.0,26.38,26.38,lastPrice,0.2579236743368281,0.043
2026-05-15,708.9299926757812,2026-10-16,0.421917808219178,put,680.0,0.95919203168907,0.0,0.0,28.0,28.0,lastPrice,0.256332735724994,0.043
2026-05-15,708.9299926757812,2026-10-16,0.421917808219178,put,685.0,0.9662449142750188,0.0,0.0,29.18,29.18,lastPrice,0.2517144898848856,0.043
2026-05-15,708.9299926757812,2026-10-16,0.421917808219178,put,690.0,0.9732977968609678,0.0,0.0,32.28,32.28,lastPrice,0.2579000360354641,0.043
2026-05-15,708.9299926757812,2026-10-16,0.421917808219178,put,695.0,0.9803506794469168,0.0,0.0,32.96,32.96,lastPrice,0.2495868028319717,0.043
2026-05-15,708.9299926757812,2026-10-16,0.421917808219178,put,700.0,0.987403562032866,0.0,0.0,36.0,36.0,lastPrice,0.2543350903653359,0.043
2026-05-15,708.9299926757812,2026-10-16,0.421917808219178,put,705.0,0.994456444618815,0.0,0.0,36.17,36.17,lastPrice,0.2424705766042846,0.043
2026-05-15,708.9299926757812,2026-10-16,0.421917808219178,call,710.0,1.0015093272047642,0.0,0.0,47.87,47.87,lastPrice,0.2294374779656073,0.043
2026-05-15,708.9299926757812,2026-10-16,0.421917808219178,call,715.0,1.0085622097907132,0.0,0.0,47.41,47.41,lastPrice,0.2405489816546366,0.043
2026-05-15,708.9299926757812,2026-10-16,0.421917808219178,call,720.0,1.0156150923766625,0.0,0.0,41.0,41.0,lastPrice,0.2185120854527851,0.043
2026-05-15,708.9299926757812,2026-10-16,0.421917808219178,call,725.0,1.0226679749626113,0.0,0.0,40.44,40.44,lastPrice,0.2280193360456084,0.043
2026-05-15,708.9299926757812,2026-10-16,0.421917808219178,call,730.0,1.02972085754856,0.0,0.0,37.57,37.57,lastPrice,0.2244193624028705,0.043
2026-05-15,708.9299926757812,2026-10-16,0.421917808219178,call,735.0,1.0367737401345092,0.0,0.0,37.75,37.75,lastPrice,0.2369427805516542,0.043
2026-05-15,708.9299926757812,2026-10-16,0.421917808219178,call,740.0,1.0438266227204582,0.0,0.0,32.71,32.71,lastPrice,0.2205188495912276,0.043
2026-05-15,708.9299926757812,2026-10-16,0.421917808219178,call,745.0,1.0508795053064073,0.0,0.0,29.65,29.65,lastPrice,0.2143314582016041,0.043
2026-05-15,708.9299926757812,2026-10-16,0.421917808219178,call,750.0,1.0579323878923563,0.0,0.0,28.73,28.73,lastPrice,0.2194364968063369,0.043
2026-05-15,708.9299926757812,2026-10-16,0.421917808219178,call,755.0,1.0649852704783054,0.0,0.0,27.86,27.86,lastPrice,0.224423695578781,0.043
2026-05-15,708.9299926757812,2026-10-16,0.421917808219178,call,760.0,1.0720381530642544,0.0,0.0,23.57,23.57,lastPrice,0.2096238062242883,0.043
2026-05-15,708.9299926757812,2026-10-16,0.421917808219178,call,765.0,1.0790910356502037,0.0,0.0,23.28,23.28,lastPrice,0.2170155052118399,0.043
2026-05-15,708.9299926757812,2026-10-16,0.421917808219178,call,770.0,1.0861439182361523,0.0,0.0,20.66,20.66,lastPrice,0.2104624051342324,0.043
2026-05-15,708.9299926757812,2026-10-16,0.421917808219178,call,775.0,1.0931968008221016,0.0,0.0,19.41,19.41,lastPrice,0.2114051940766929,0.043
2026-05-15,708.9299926757812,2026-10-16,0.421917808219178,call,780.0,1.1002496834080506,0.0,0.0,17.07,17.07,lastPrice,0.2051749785929503,0.043
2026-05-15,708.9299926757812,2026-10-16,0.421917808219178,call,785.0,1.1073025659939997,0.0,0.0,16.99,16.99,lastPrice,0.2124728449020692,0.043
2026-05-15,708.9299926757812,2026-10-16,0.421917808219178,call,790.0,1.1143554485799487,0.0,0.0,16.09,16.09,lastPrice,0.2143385172466668,0.043
2026-05-15,708.9299926757812,2026-10-16,0.421917808219178,call,795.0,1.1214083311658978,0.0,0.0,14.47,14.47,lastPrice,0.2110756121182198,0.043
2026-05-15,708.9299926757812,2026-10-16,0.421917808219178,call,800.0,1.1284612137518468,0.0,0.0,11.76,11.76,lastPrice,0.1994827819576313,0.043
2026-05-15,708.9299926757812,2026-10-16,0.421917808219178,call,805.0,1.135514096337796,0.0,0.0,10.76,10.76,lastPrice,0.198953983277753,0.043
2026-05-15,708.9299926757812,2026-10-16,0.421917808219178,call,810.0,1.142566978923745,0.0,0.0,10.35,10.35,lastPrice,0.2024011910781928,0.043
2026-05-15,708.9299926757812,2026-10-16,0.421917808219178,call,815.0,1.149619861509694,0.0,0.0,10.77,10.77,lastPrice,0.2119715149560023,0.043
2026-05-15,708.9299926757812,2027-01-15,0.6712328767123288,put,605.0,0.8533987928998342,0.0,0.0,19.14,19.14,lastPrice,0.2926731291855928,0.043
2026-05-15,708.9299926757812,2027-01-15,0.6712328767123288,put,610.0,0.8604516754857832,0.0,0.0,21.12,21.12,lastPrice,0.2971711726627893,0.043
2026-05-15,708.9299926757812,2027-01-15,0.6712328767123288,put,615.0,0.8675045580717322,0.0,0.0,22.4,22.4,lastPrice,0.2968280654144201,0.043
2026-05-15,708.9299926757812,2027-01-15,0.6712328767123288,put,620.0,0.8745574406576813,0.0,0.0,22.95,22.95,lastPrice,0.2918528371121329,0.043
2026-05-15,708.9299926757812,2027-01-15,0.6712328767123288,put,625.0,0.8816103232436303,0.0,0.0,23.5,23.5,lastPrice,0.2867781116275373,0.043
2026-05-15,708.9299926757812,2027-01-15,0.6712328767123288,put,630.0,0.8886632058295794,0.0,0.0,24.23,24.23,lastPrice,0.2826333728590112,0.043
2026-05-15,708.9299926757812,2027-01-15,0.6712328767123288,put,635.0,0.8957160884155284,0.0,0.0,25.3,25.3,lastPrice,0.2802528814656288,0.043
2026-05-15,708.9299926757812,2027-01-15,0.6712328767123288,put,640.0,0.9027689710014776,0.0,0.0,27.09,27.09,lastPrice,0.2815922454558849,0.043
2026-05-15,708.9299926757812,2027-01-15,0.6712328767123288,put,645.0,0.9098218535874264,0.0,0.0,28.46,28.46,lastPrice,0.2803143196279401,0.043
2026-05-15,708.9299926757812,2027-01-15,0.6712328767123288,put,650.0,0.9168747361733756,0.0,0.0,30.15,30.15,lastPrice,0.2804499771303648,0.043
2026-05-15,708.9299926757812,2027-01-15,0.6712328767123288,put,655.0,0.9239276187593246,0.0,0.0,30.87,30.87,lastPrice,0.2752949968714824,0.043
2026-05-15,708.9299926757812,2027-01-15,0.6712328767123288,put,660.0,0.9309805013452735,0.0,0.0,32.6,32.6,lastPrice,0.2751143514127229,0.043
2026-05-15,708.9299926757812,2027-01-15,0.6712328767123288,put,665.0,0.9380333839312228,0.0,0.0,34.0,34.0,lastPrice,0.2729996458272664,0.043
2026-05-15,708.9299926757812,2027-01-15,0.6712328767123288,put,670.0,0.9450862665171718,0.0,0.0,35.08,35.08,lastPrice,0.2690902712630644,0.043
2026-05-15,708.9299926757812,2027-01-15,0.6712328767123288,put,675.0,0.9521391491031208,0.0,0.0,35.87,35.87,lastPrice,0.2636025531033856,0.043
2026-05-15,708.9299926757812,2027-01-15,0.6712328767123288,put,680.0,0.95919203168907,0.0,0.0,37.51,37.51,lastPrice,0.2620064801160231,0.043
2026-05-15,708.9299926757812,2027-01-15,0.6712328767123288,put,685.0,0.9662449142750188,0.0,0.0,39.57,39.57,lastPrice,0.2621187175138892,0.043
2026-05-15,708.9299926757812,2027-01-15,0.6712328767123288,put,690.0,0.9732977968609678,0.0,0.0,41.24,41.24,lastPrice,0.2601277197131371,0.043
2026-05-15,708.9299926757812,2027-01-15,0.6712328767123288,put,695.0,0.9803506794469168,0.0,0.0,41.7,41.7,lastPrice,0.2523598575833004,0.043
2026-05-15,708.9299926757812,2027-01-15,0.6712328767123288,put,700.0,0.987403562032866,0.0,0.0,45.56,45.56,lastPrice,0.2598294748272721,0.043
2026-05-15,708.9299926757812,2027-01-15,0.6712328767123288,put,705.0,0.994456444618815,0.0,0.0,48.06,48.06,lastPrice,0.2607709564079642,0.043
2026-05-15,708.9299926757812,2027-01-15,0.6712328767123288,call,710.0,1.0015093272047642,0.0,0.0,62.5,62.5,lastPrice,0.2294997619381662,0.043
2026-05-15,708.9299926757812,2027-01-15,0.6712328767123288,call,715.0,1.0085622097907132,0.0,0.0,62.71,62.71,lastPrice,0.2414026272560544,0.043
2026-05-15,708.9299926757812,2027-01-15,0.6712328767123288,call,720.0,1.0156150923766625,0.0,0.0,58.48,58.48,lastPrice,0.23340555674447,0.043
2026-05-15,708.9299926757812,2027-01-15,0.6712328767123288,call,725.0,1.0226679749626113,0.0,0.0,54.06,54.06,lastPrice,0.2243722518356069,0.043
2026-05-15,708.9299926757812,2027-01-15,0.6712328767123288,call,730.0,1.02972085754856,0.0,0.0,52.25,52.25,lastPrice,0.2264201596302512,0.043
2026-05-15,708.9299926757812,2027-01-15,0.6712328767123288,call,735.0,1.0367737401345092,0.0,0.0,50.36,50.36,lastPrice,0.2278009291648689,0.043
2026-05-15,708.9299926757812,2027-01-15,0.6712328767123288,call,740.0,1.0438266227204582,0.0,0.0,47.1,47.1,lastPrice,0.2229607126661715,0.043
2026-05-15,708.9299926757812,2027-01-15,0.6712328767123288,call,745.0,1.0508795053064073,0.0,0.0,45.47,45.47,lastPrice,0.224857320703512,0.043
2026-05-15,708.9299926757812,2027-01-15,0.6712328767123288,call,750.0,1.0579323878923563,0.0,0.0,43.19,43.19,lastPrice,0.2236481659547176,0.043
2026-05-15,708.9299926757812,2027-01-15,0.6712328767123288,call,755.0,1.0649852704783054,0.0,0.0,42.17,42.17,lastPrice,0.2275982150845444,0.043
2026-05-15,708.9299926757812,2027-01-15,0.6712328767123288,call,760.0,1.0720381530642544,0.0,0.0,39.0,39.0,lastPrice,0.2219304728608721,0.043
2026-05-15,708.9299926757812,2027-01-15,0.6712328767123288,call,765.0,1.0790910356502037,0.0,0.0,35.0,35.0,lastPrice,0.212267321590419,0.043
2026-05-15,708.9299926757812,2027-01-15,0.6712328767123288,call,770.0,1.0861439182361523,0.0,0.0,34.4,34.4,lastPrice,0.2171923363102489,0.043
2026-05-15,708.9299926757812,2027-01-15,0.6712328767123288,call,775.0,1.0931968008221016,0.0,0.0,32.51,32.51,lastPrice,0.2161556203912862,0.043
2026-05-15,708.9299926757812,2027-01-15,0.6712328767123288,call,780.0,1.1002496834080506,0.0,0.0,30.36,30.36,lastPrice,0.2136382747625673,0.043
2026-05-15,708.9299926757812,2027-01-15,0.6712328767123288,call,785.0,1.1073025659939997,0.0,0.0,28.79,28.79,lastPrice,0.2134178702380235,0.043
2026-05-15,708.9299926757812,2027-01-15,0.6712328767123288,call,790.0,1.1143554485799487,0.0,0.0,27.15,27.15,lastPrice,0.2125818457098149,0.043
2026-05-15,708.9299926757812,2027-01-15,0.6712328767123288,call,795.0,1.1214083311658978,0.0,0.0,26.1,26.1,lastPrice,0.214200711723873,0.043
2026-05-15,708.9299926757812,2027-01-15,0.6712328767123288,call,800.0,1.1284612137518468,0.0,0.0,23.0,23.0,lastPrice,0.2058094224491407,0.043
2026-05-15,708.9299926757812,2027-01-15,0.6712328767123288,call,805.0,1.135514096337796,0.0,0.0,22.56,22.56,lastPrice,0.2097797873602456,0.043
2026-05-15,708.9299926757812,2027-01-15,0.6712328767123288,call,810.0,1.142566978923745,0.0,0.0,22.5,22.5,lastPrice,0.2154537241565408,0.043
2026-05-15,708.9299926757812,2027-01-15,0.6712328767123288,call,815.0,1.149619861509694,0.0,0.0,19.87,19.87,lastPrice,0.2081705293797235,0.043
2026-05-15,708.9299926757812,2027-06-17,1.0904109589041096,put,605.0,0.8533987928998342,0.0,0.0,28.7,28.7,lastPrice,0.2908295301285396,0.043
2026-05-15,708.9299926757812,2027-06-17,1.0904109589041096,put,610.0,0.8604516754857832,0.0,0.0,30.28,30.28,lastPrice,0.2914189616732378,0.043
2026-05-15,708.9299926757812,2027-06-17,1.0904109589041096,put,615.0,0.8675045580717322,0.0,0.0,30.91,30.91,lastPrice,0.2874284205965408,0.043
2026-05-15,708.9299926757812,2027-06-17,1.0904109589041096,put,620.0,0.8745574406576813,0.0,0.0,31.89,31.89,lastPrice,0.2849554479989992,0.043
2026-05-15,708.9299926757812,2027-06-17,1.0904109589041096,put,625.0,0.8816103232436303,0.0,0.0,31.77,31.77,lastPrice,0.2774798906968896,0.043
2026-05-15,708.9299926757812,2027-06-17,1.0904109589041096,put,630.0,0.8886632058295794,0.0,0.0,33.86,33.86,lastPrice,0.2797157186614152,0.043
2026-05-15,708.9299926757812,2027-06-17,1.0904109589041096,put,635.0,0.8957160884155284,0.0,0.0,36.0,36.0,lastPrice,0.2818729909688993,0.043
2026-05-15,708.9299926757812,2027-06-17,1.0904109589041096,put,640.0,0.9027689710014776,0.0,0.0,37.04,37.04,lastPrice,0.2791367245230106,0.043
2026-05-15,708.9299926757812,2027-06-17,1.0904109589041096,put,645.0,0.9098218535874264,0.0,0.0,38.15,38.15,lastPrice,0.2765813704842976,0.043
2026-05-15,708.9299926757812,2027-06-17,1.0904109589041096,put,650.0,0.9168747361733756,0.0,0.0,41.0,41.0,lastPrice,0.2809906435396546,0.043
2026-05-15,708.9299926757812,2027-06-17,1.0904109589041096,put,655.0,0.9239276187593246,0.0,0.0,40.95,40.95,lastPrice,0.273456097737129,0.043
2026-05-15,708.9299926757812,2027-06-17,1.0904109589041096,put,660.0,0.9309805013452735,0.0,0.0,42.68,42.68,lastPrice,0.2729814969475664,0.043
2026-05-15,708.9299926757812,2027-06-17,1.0904109589041096,put,665.0,0.9380333839312228,0.0,0.0,43.23,43.23,lastPrice,0.267722380573624,0.043
2026-05-15,708.9299926757812,2027-06-17,1.0904109589041096,put,670.0,0.9450862665171718,0.0,0.0,46.31,46.31,lastPrice,0.272163909163562,0.043
2026-05-15,708.9299926757812,2027-06-17,1.0904109589041096,put,675.0,0.9521391491031208,0.0,0.0,47.94,47.94,lastPrice,0.2707903701705427,0.043
2026-05-15,708.9299926757812,2027-06-17,1.0904109589041096,put,680.0,0.95919203168907,0.0,0.0,48.66,48.66,lastPrice,0.2658468098333377,0.043
2026-05-15,708.9299926757812,2027-06-17,1.0904109589041096,put,685.0,0.9662449142750188,0.0,0.0,51.13,51.13,lastPrice,0.2673361429925932,0.043
2026-05-15,708.9299926757812,2027-06-17,1.0904109589041096,put,690.0,0.9732977968609678,0.0,0.0,52.45,52.45,lastPrice,0.2643844689660637,0.043
2026-05-15,708.9299926757812,2027-06-17,1.0904109589041096,put,695.0,0.9803506794469168,0.0,0.0,54.15,54.15,lastPrice,0.2626963804561299,0.043
2026-05-15,708.9299926757812,2027-06-17,1.0904109589041096,put,700.0,0.987403562032866,0.0,0.0,56.98,56.98,lastPrice,0.2649362100563745,0.043
2026-05-15,708.9299926757812,2027-06-17,1.0904109589041096,put,705.0,0.994456444618815,0.0,0.0,59.0,59.0,lastPrice,0.2640658779586593,0.043
2026-05-15,708.9299926757812,2027-06-17,1.0904109589041096,call,710.0,1.0015093272047642,0.0,0.0,84.89,84.89,lastPrice,0.2361453712061375,0.043
2026-05-15,708.9299926757812,2027-06-17,1.0904109589041096,call,715.0,1.0085622097907132,0.0,0.0,82.0,82.0,lastPrice,0.2346806573104098,0.043
2026-05-15,708.9299926757812,2027-06-17,1.0904109589041096,call,720.0,1.0156150923766625,0.0,0.0,80.0,80.0,lastPrice,0.2361590762539939,0.043
2026-05-15,708.9299926757812,2027-06-17,1.0904109589041096,call,725.0,1.0226679749626113,0.0,0.0,78.01,78.01,lastPrice,0.2374654282405833,0.043
2026-05-15,708.9299926757812,2027-06-17,1.0904109589041096,call,730.0,1.02972085754856,0.0,0.0,76.0,76.0,lastPrice,0.2385040782533194,0.043
2026-05-15,708.9299926757812,2027-06-17,1.0904109589041096,call,735.0,1.0367737401345092,0.0,0.0,73.33,73.33,lastPrice,0.2370857550199919,0.043
2026-05-15,708.9299926757812,2027-06-17,1.0904109589041096,call,740.0,1.0438266227204582,0.0,0.0,68.8,68.8,lastPrice,0.2291442189464655,0.043
2026-05-15,708.9299926757812,2027-06-17,1.0904109589041096,call,745.0,1.0508795053064073,0.0,0.0,67.85,67.85,lastPrice,0.2332769570319869,0.043
2026-05-15,708.9299926757812,2027-06-17,1.0904109589041096,call,750.0,1.0579323878923563,0.0,0.0,63.0,63.0,lastPrice,0.2239597339829614,0.043
2026-05-15,708.9299926757812,2027-06-17,1.0904109589041096,call,755.0,1.0649852704783054,0.0,0.0,63.47,63.47,lastPrice,0.2325403342419927,0.043
2026-05-15,708.9299926757812,2027-06-17,1.0904109589041096,call,760.0,1.0720381530642544,0.0,0.0,60.0,60.0,lastPrice,0.2275784556736815,0.043
2026-05-15,708.9299926757812,2027-06-17,1.0904109589041096,call,765.0,1.0790910356502037,0.0,0.0,58.43,58.43,lastPrice,0.2288827132373976,0.043
2026-05-15,708.9299926757812,2027-06-17,1.0904109589041096,call,770.0,1.0861439182361523,0.0,0.0,57.16,57.16,lastPrice,0.2310321367580474,0.043
2026-05-15,708.9299926757812,2027-06-17,1.0904109589041096,call,775.0,1.0931968008221016,0.0,0.0,53.59,53.59,lastPrice,0.2252165377710385,0.043
2026-05-15,708.9299926757812,2027-06-17,1.0904109589041096,call,780.0,1.1002496834080506,0.0,0.0,52.13,52.13,lastPrice,0.2263836665435132,0.043
2026-05-15,708.9299926757812,2027-06-17,1.0904109589041096,call,785.0,1.1073025659939997,0.0,0.0,49.34,49.34,lastPrice,0.2228551379660489,0.043
2026-05-15,708.9299926757812,2027-06-17,1.0904109589041096,call,790.0,1.1143554485799487,0.0,0.0,48.0,48.0,lastPrice,0.2240981731518513,0.043
2026-05-15,708.9299926757812,2027-06-17,1.0904109589041096,call,795.0,1.1214083311658978,0.0,0.0,46.26,46.26,lastPrice,0.2238115600629983,0.043
2026-05-15,708.9299926757812,2027-06-17,1.0904109589041096,call,800.0,1.1284612137518468,0.0,0.0,44.12,44.12,lastPrice,0.2219770395782399,0.043
2026-05-15,708.9299926757812,2027-06-17,1.0904109589041096,call,805.0,1.135514096337796,0.0,0.0,41.01,41.01,lastPrice,0.2165797182101094,0.043
2026-05-15,708.9299926757812,2027-06-17,1.0904109589041096,call,810.0,1.142566978923745,0.0,0.0,39.17,39.17,lastPrice,0.2153977595226037,0.043
2026-05-15,708.9299926757812,2027-06-17,1.0904109589041096,call,815.0,1.149619861509694,0.0,0.0,38.24,38.24,lastPrice,0.2172550686997427,0.043
