lambda,mu_J,rmse
0.049999999999999996,-0.45,0.04546972167871307
0.049999999999999996,-0.4247058823529412,0.046435057555774754
0.049999999999999996,-0.39941176470588236,0.047389047454526795
0.049999999999999996,-0.37411764705882355,0.0483283441270584
0.049999999999999996,-0.3488235294117647,0.04924952688447199
0.049999999999999996,-0.3235294117647059,0.050149127196473485
0.049999999999999996,-0.29823529411764704,0.05102366021616102
0.049999999999999996,-0.27294117647058824,0.05186965574149257
0.049999999999999996,-0.24764705882352941,0.05268369422953372
0.049999999999999996,-0.2223529411764706,0.053462441514144456
0.049999999999999996,-0.1970588235294118,0.054202688669960225
0.049999999999999996,-0.17176470588235293,0.05490139059556127
0.049999999999999996,-0.14647058823529413,0.05555570784797811
0.049999999999999996,-0.12117647058823527,0.056163046839793306
0.049999999999999996,-0.09588235294117647,0.05672110205337329
0.049999999999999996,-0.07058823529411762,0.05722789538387572
0.049999999999999996,-0.04529411764705882,0.05768181506047924
0.049999999999999996,-0.02,0.058081650990681716
0.06555669687107821,-0.45,0.03979602511003786
0.06555669687107821,-0.4247058823529412,0.04099002043137782
0.06555669687107821,-0.39941176470588236,0.04217157604312558
0.06555669687107821,-0.37411764705882355,0.04333629701258593
0.06555669687107821,-0.3488235294117647,0.0444797234733238
0.06555669687107821,-0.3235294117647059,0.04559735974757944
0.06555669687107821,-0.29823529411764704,0.04668470963305935
0.06555669687107821,-0.27294117647058824,0.047737314441340474
0.06555669687107821,-0.24764705882352941,0.04875079456471159
0.06555669687107821,-0.2223529411764706,0.049720896446276724
0.06555669687107821,-0.1970588235294118,0.05064354203376961
0.06555669687107821,-0.17176470588235293,0.0515148810965506
0.06555669687107821,-0.14647058823529413,0.05233134707888165
0.06555669687107821,-0.12117647058823527,0.05308971308496895
0.06555669687107821,-0.09588235294117647,0.05378714959939499
0.06555669687107821,-0.07058823529411762,0.054421280361010856
0.06555669687107821,-0.04529411764705882,0.05499023828586282
0.06555669687107821,-0.02,0.055492716756331294
0.08595361009292872,-0.45,0.03284578496914309
0.08595361009292872,-0.4247058823529412,0.03430155294184438
0.08595361009292872,-0.39941176470588236,0.03574795715695602
0.08595361009292872,-0.37411764705882355,0.03717849210926961
0.08595361009292872,-0.3488235294117647,0.03858674743530837
0.08595361009292872,-0.3235294117647059,0.039966415212172424
0.08595361009292872,-0.29823529411764704,0.04131130824121712
0.08595361009292872,-0.27294117647058824,0.042615390074004764
0.08595361009292872,-0.24764705882352941,0.04387281495829855
0.08595361009292872,-0.2223529411764706,0.0450779763493406
0.08595361009292872,-0.1970588235294118,0.046225564966675604
0.08595361009292872,-0.17176470588235293,0.047310634578657355
0.08595361009292872,-0.14647058823529413,0.04832867082287465
0.08595361009292872,-0.12117647058823527,0.04927566683255352
0.08595361009292872,-0.09588235294117647,0.050148201399470405
0.08595361009292872,-0.07058823529411762,0.05094351667645295
0.08595361009292872,-0.04529411764705882,0.05165959822788093
0.08595361009292872,-0.02,0.05229525269559878
0.11269669523673952,-0.45,0.024617442484963715
0.11269669523673952,-0.4247058823529412,0.026307824959946238
0.11269669523673952,-0.39941176470588236,0.028014239170183666
0.11269669523673952,-0.37411764705882355,0.029722441683375903
0.11269669523673952,-0.3488235294117647,0.03141974326268758
0.11269669523673952,-0.3235294117647059,0.033094675126245386
0.11269669523673952,-0.29823529411764704,0.03473675438648411
0.11269669523673952,-0.27294117647058824,0.036336331387495126
0.11269669523673952,-0.24764705882352941,0.037884499913684935
0.11269669523673952,-0.2223529411764706,0.039373058725973464
0.11269669523673952,-0.1970588235294118,0.040794512153677645
0.11269669523673952,-0.17176470588235293,0.04214210106245749
0.11269669523673952,-0.14647058823529413,0.04340986045413859
0.11269669523673952,-0.12117647058823527,0.04459269272725667
0.11269669523673952,-0.09588235294117647,0.045686457274527685
0.11269669523673952,-0.07058823529411762,0.04668807204767466
0.11269669523673952,-0.04529411764705882,0.04759562044577108
0.11269669523673952,-0.02,0.04840846772320984
0.14776046176014435,-0.45,0.016301586799904934
0.14776046176014435,-0.4247058823529412,0.017775786137513207
0.14776046176014435,-0.39941176470588236,0.01944340230053243
0.14776046176014435,-0.37411764705882355,0.02123929702408116
0.14776046176014435,-0.3488235294117647,0.02311247153733198
0.14776046176014435,-0.3235294117647059,0.025023374136490147
0.14776046176014435,-0.29823529411764704,0.02694105684976053
0.14776046176014435,-0.27294117647058824,0.028840883575421628
0.14776046176014435,-0.24764705882352941,0.030702870146612184
0.14776046176014435,-0.2223529411764706,0.03251055306667494
0.14776046176014435,-0.1970588235294118,0.03425024879950928
0.14776046176014435,-0.17176470588235293,0.03591059337267118
0.14776046176014435,-0.14647058823529413,0.03748227756832202
0.14776046176014435,-0.12117647058823527,0.03895792256321678
0.14776046176014435,-0.09588235294117647,0.04033205301957664
0.14776046176014435,-0.07058823529411762,0.04160114225949429
0.14776046176014435,-0.04529411764705882,0.04276371217148591
0.14776046176014435,-0.02,0.04382046926455191
0.19373375602280654,-0.45,0.015431218464489981
0.19373375602280654,-0.4247058823529412,0.01446453583890509
0.19373375602280654,-0.39941176470588236,0.01418024023397844
0.19373375602280654,-0.37411764705882355,0.01458220122376765
0.19373375602280654,-0.3488235294117647,0.015577104995112143
0.19373375602280654,-0.3235294117647059,0.017018689338502903
0.19373375602280654,-0.29823529411764704,0.018760756159798348
0.19373375602280654,-0.27294117647058824,0.020684132681875016
0.19373375602280654,-0.24764705882352941,0.02270032282108672
0.19373375602280654,-0.2223529411764706,0.024745789092715856
0.19373375602280654,-0.1970588235294118,0.026775126163710337
0.19373375602280654,-0.17176470588235293,0.028755739552709846
0.19373375602280654,-0.14647058823529413,0.03066424673319445
0.19373375602280654,-0.12117647058823527,0.0324842061754997
0.19373375602280654,-0.09588235294117647,0.034204753321715145
0.19373375602280654,-0.07058823529411762,0.035819833163549336
0.19373375602280654,-0.04529411764705882,0.03732782709448277
0.19373375602280654,-0.02,0.03873143143031613
0.254010902345651,-0.45,0.028894245185390337
0.254010902345651,-0.4247058823529412,0.025522730100529915
0.254010902345651,-0.39941176470588236,0.022448029126177067
0.254010902345651,-0.37411764705882355,0.019774114304849637
0.254010902345651,-0.3488235294117647,0.01763599251855261
0.254010902345651,-0.3235294117647059,0.016185461570453412
0.254010902345651,-0.29823529411764704,0.01554296936163576
0.254010902345651,-0.27294117647058824,0.015728357411731068
0.254010902345651,-0.24764705882352941,0.016633674960344836
0.254010902345651,-0.2223529411764706,0.018073785827733436
0.254010902345651,-0.1970588235294118,0.019860686315159776
0.254010902345651,-0.17176470588235293,0.02184408814499193
0.254010902345651,-0.14647058823529413,0.02391740984600268
0.254010902345651,-0.12117647058823527,0.02600970988035139
0.254010902345651,-0.09588235294117647,0.028076164146875745
0.254010902345651,-0.07058823529411762,0.030090889389558347
0.254010902345651,-0.04529411764705882,0.03204227972178472
0.254010902345651,-0.02,0.03393017519020657
0.33304231454045785,-0.45,0.05079538627090827
0.33304231454045785,-0.4247058823529412,0.04597595997613776
0.33304231454045785,-0.39941176470588236,0.041340943658419387
0.33304231454045785,-0.37411764705882355,0.03693447841906284
0.33304231454045785,-0.3488235294117647,0.032813081930606766
0.33304231454045785,-0.3235294117647059,0.0290503191965611
0.33304231454045785,-0.29823529411764704,0.02574174978189322
0.33304231454045785,-0.27294117647058824,0.023006748601504288
0.33304231454045785,-0.24764705882352941,0.020979064289060753
0.33304231454045785,-0.2223529411764706,0.01977521962737033
0.33304231454045785,-0.1970588235294118,0.019442956490701074
0.33304231454045785,-0.17176470588235293,0.01992408713322508
0.33304231454045785,-0.14647058823529413,0.021071237907090576
0.33304231454045785,-0.12117647058823527,0.022705846853852966
0.33304231454045785,-0.09588235294117647,0.024669406836196017
0.33304231454045785,-0.07058823529411762,0.02684527348274182
0.33304231454045785,-0.04529411764705882,0.029159271384861678
0.33304231454045785,-0.02,0.031572499686994195
0.4366630811914216,-0.45,0.07955059260621467
0.4366630811914216,-0.4247058823529412,0.07325790386015263
0.4366630811914216,-0.39941176470588236,0.06715140151078554
0.4366630811914216,-0.37411764705882355,0.061265766273115314
0.4366630811914216,-0.3488235294117647,0.05564163068172321
0.4366630811914216,-0.3235294117647059,0.050327430168526734
0.4366630811914216,-0.29823529411764704,0.045381780141058974
0.4366630811914216,-0.27294117647058824,0.040876173170647255
0.4366630811914216,-0.24764705882352941,0.036897148867465056
0.4366630811914216,-0.2223529411764706,0.033545814043834235
0.4366630811914216,-0.1970588235294118,0.030930833604720046
0.4366630811914216,-0.17176470588235293,0.029150597864368945
0.4366630811914216,-0.14647058823529413,0.0282652901376883
0.4366630811914216,-0.12117647058823527,0.028271270995043143
0.4366630811914216,-0.09588235294117647,0.029097089979727833
0.4366630811914216,-0.07058823529411762,0.030627405814441164
0.4366630811914216,-0.04529411764705882,0.032739155259054326
0.4366630811914216,-0.02,0.035329752692039966
0.5725237849691408,-0.45,0.11582747687046153
0.5725237849691408,-0.4247058823529412,0.107804972252838
0.5725237849691408,-0.39941176470588236,0.09999829309371326
0.5725237849691408,-0.37411764705882355,0.09244403110018576
0.5725237849691408,-0.3488235294117647,0.08518340821453557
0.5725237849691408,-0.3235294117647059,0.07826334128237394
0.5725237849691408,-0.29823529411764704,0.07173779637277078
0.5725237849691408,-0.27294117647058824,0.06566939044265355
0.5725237849691408,-0.24764705882352941,0.06013101372716328
0.5725237849691408,-0.2223529411764706,0.05520686853577828
0.5725237849691408,-0.1970588235294118,0.05099171091897812
0.5725237849691408,-0.17176470588235293,0.04758639595005734
0.5725237849691408,-0.14647058823529413,0.04508776849196175
0.5725237849691408,-0.12117647058823527,0.04357282442725193
0.5725237849691408,-0.09588235294117647,0.04308150401356062
0.5725237849691408,-0.07058823529411762,0.0436067836138022
0.5725237849691408,-0.04529411764705882,0.04509925137957308
0.5725237849691408,-0.02,0.04748492559531138
0.7506553644540866,-0.45,0.16069327991828877
0.7506553644540866,-0.4247058823529412,0.15062973870635094
0.7506553644540866,-0.39941176470588236,0.14081803888394143
0.7506553644540866,-0.37411764705882355,0.13130096553941023
0.7506553644540866,-0.3488235294117647,0.12212609086817769
0.7506553644540866,-0.3235294117647059,0.11334659911838114
0.7506553644540866,-0.29823529411764704,0.10502231023885829
0.7506553644540866,-0.27294117647058824,0.0972208895024896
0.7506553644540866,-0.24764705882352941,0.0900191216396914
0.7506553644540866,-0.2223529411764706,0.08350394247710945
0.7506553644540866,-0.1970588235294118,0.07777260325707304
0.7506553644540866,-0.17176470588235293,0.07293093574431574
0.7506553644540866,-0.14647058823529413,0.06908842154740284
0.7506553644540866,-0.12117647058823527,0.06634912831225724
0.7506553644540866,-0.09588235294117647,0.06479917629474256
0.7506553644540866,-0.07058823529411762,0.06449411059793636
0.7506553644540866,-0.04529411764705882,0.06545160341702567
0.7506553644540866,-0.02,0.06765369614077524
0.9842097236433061,-0.45,0.21514314091383116
0.9842097236433061,-0.4247058823529412,0.20274599471008328
0.9842097236433061,-0.39941176470588236,0.19063160606826302
0.9842097236433061,-0.37411764705882355,0.17885118550463308
0.9842097236433061,-0.3488235294117647,0.16746175612198666
0.9842097236433061,-0.3235294117647059,0.15652697497499043
0.9842097236433061,-0.29823529411764704,0.14611811878897296
0.9842097236433061,-0.27294117647058824,0.136315218070398
0.9842097236433061,-0.24764705882352941,0.1272082607282509
0.9842097236433061,-0.2223529411764706,0.11889823948912832
0.9842097236433061,-0.1970588235294118,0.11149760001104665
0.9842097236433061,-0.17176470588235293,0.10512933340517118
0.9842097236433061,-0.14647058823529413,0.09992368622040168
0.9842097236433061,-0.12117647058823527,0.09601149987058227
0.9842097236433061,-0.09588235294117647,0.09351396539581878
0.9842097236433061,-0.07058823529411762,0.09253029789931563
0.9842097236433061,-0.04529411764705882,0.09312687265933994
0.9842097236433061,-0.02,0.09533209673773439
1.290430770209037,-0.45,0.2799985174929104
1.290430770209037,-0.4247058823529412,0.26501684992929575
1.290430770209037,-0.39941176470588236,0.25034211240588317
1.290430770209037,-0.37411764705882355,0.23603402188632341
1.290430770209037,-0.3488235294117647,0.22215969273702696
1.290430770209037,-0.3235294117647059,0.20879472028509624
1.290430770209037,-0.29823529411764704,0.1960244360816893
1.290430770209037,-0.27294117647058824,0.1839453187483974
1.290430770209037,-0.24764705882352941,0.17266646996093454
1.290430770209037,-0.2223529411764706,0.1623109496070556
1.290430770209037,-0.1970588235294118,0.15301655295020566
1.290430770209037,-0.17176470588235293,0.14493532375685123
1.290430770209037,-0.14647058823529413,0.13823079561108279
1.290430770209037,-0.12117647058823527,0.1330718429503757
1.290430770209037,-0.09588235294117647,0.1296224842484187
1.290430770209037,-0.07058823529411762,0.12802831852008562
1.290430770209037,-0.04529411764705882,0.12840227912618593
1.290430770209037,-0.02,0.13081391948770216
1.6919275767141164,-0.45,0.3562330423890293
1.6919275767141164,-0.4247058823529412,0.33838821062518754
1.6919275767141164,-0.39941176470588236,0.32088264447010134
1.6919275767141164,-0.37411764705882355,0.3037833219923458
1.6919275767141164,-0.3488235294117647,0.28716594190914385
1.6919275767141164,-0.3235294117647059,0.27111649319731146
1.6919275767141164,-0.29823529411764704,0.2557331438666285
1.6919275767141164,-0.27294117647058824,0.2411284340547104
1.6919275767141164,-0.24764705882352941,0.22743167579757265
1.6919275767141164,-0.2223529411764706,0.21479130409542474
1.6919275767141164,-0.1970588235294118,0.20337667118866998
1.6919275767141164,-0.17176470588235293,0.19337841659739652
1.6919275767141164,-0.14647058823529413,0.18500613320533899
1.6919275767141164,-0.12117647058823527,0.17848178641575999
1.6919275767141164,-0.09588235294117647,0.17402763169799715
1.6919275767141164,-0.07058823529411762,0.17184869148182383
1.6919275767141164,-0.04529411764705882,0.1721122613531585
1.6919275767141164,-0.02,0.17492943063116428
2.2183436654893054,-0.45,0.4454780164540134
2.2183436654893054,-0.4247058823529412,0.4243564506019115
2.2183436654893054,-0.39941176470588236,0.40363057922501355
2.2183436654893054,-0.37411764705882355,0.38337629116027466
2.2183436654893054,-0.3488235294117647,0.36367876873101107
2.2183436654893054,-0.3235294117647059,0.3446343063392947
2.2183436654893054,-0.29823529411764704,0.3263526975816675
2.2183436654893054,-0.27294117647058824,0.308960297396582
2.2183436654893054,-0.24764705882352941,0.2926037869222829
2.2183436654893054,-0.2223529411764706,0.27745445190679985
2.2183436654893054,-0.1970588235294118,0.2637123969071443
2.2183436654893054,-0.17176470588235293,0.25160948185552207
2.2183436654893054,-0.14647058823529413,0.24140895677088364
2.2183436654893054,-0.12117647058823527,0.2333990489182564
2.2183436654893054,-0.09588235294117647,0.2278777548608014
2.2183436654893054,-0.07058823529411762,0.22512772785438237
2.2183436654893054,-0.04529411764705882,0.22538396157685295
2.2183436654893054,-0.02,0.22880189074316015
2.9085456646871783,-0.45,0.5498010560421425
2.9085456646871783,-0.4247058823529412,0.5248992977302336
2.9085456646871783,-0.39941176470588236,0.5004615210616581
2.9085456646871783,-0.37411764705882355,0.4765779963372381
2.9085456646871783,-0.3488235294117647,0.45334955429483964
2.9085456646871783,-0.3235294117647059,0.4308892081371766
2.9085456646871783,-0.29823529411764704,0.4093243673112649
2.9085456646871783,-0.27294117647058824,0.38879991653713286
2.9085456646871783,-0.24764705882352941,0.3694824667962733
2.9085456646871783,-0.2223529411764706,0.3515659986592717
2.9085456646871783,-0.1970588235294118,0.33527876034794984
2.9085456646871783,-0.17176470588235293,0.32089038857389335
2.9085456646871783,-0.14647058823529413,0.30871658092618204
2.9085456646871783,-0.12117647058823527,0.2991164319542583
2.9085456646871783,-0.09588235294117647,0.29247596168186224
2.9085456646871783,-0.07058823529411762,0.2891728965618289
2.9085456646871783,-0.04529411764705882,0.289524892807332
2.9085456646871783,-0.02,0.29373497116325387
3.8134929295117215,-0.45,0.6706485105430765
3.8134929295117215,-0.4247058823529412,0.6415664024786301
3.8134929295117215,-0.39941176470588236,0.6130067784433088
3.8134929295117215,-0.37411764705882355,0.5850753130549508
3.8134929295117215,-0.3488235294117647,0.5578916464526871
3.8134929295117215,-0.3235294117647059,0.5315912805278398
3.8134929295117215,-0.29823529411764704,0.5063278050472292
3.8134929295117215,-0.27294117647058824,0.4822756634562585
3.8134929295117215,-0.24764705882352941,0.4596338296798804
3.8134929295117215,-0.2223529411764706,0.4386309354620192
3.8134929295117215,-0.1970588235294118,0.4195324210482845
3.8134929295117215,-0.17176470588235293,0.4026498165173804
3.8134929295117215,-0.14647058823529413,0.38835053138788483
3.8134929295117215,-0.12117647058823527,0.37706257756632955
3.8134929295117215,-0.09588235294117647,0.36926279602228573
3.8134929295117215,-0.07058823529411762,0.36543444686235804
3.8134929295117215,-0.04529411764705882,0.36599044297835015
3.8134929295117215,-0.02,0.3711854680820784
5.000000000000001,-0.45,0.808536135941944
5.000000000000001,-0.4247058823529412,0.7750109981371439
5.000000000000001,-0.39941176470588236,0.7420714944366527
5.000000000000001,-0.37411764705882355,0.7098351409791214
5.000000000000001,-0.3488235294117647,0.6784358551524389
5.000000000000001,-0.3235294117647059,0.6480270151484906
5.000000000000001,-0.29823529411764704,0.6187851941176142
5.000000000000001,-0.27294117647058824,0.5909145752583386
5.000000000000001,-0.24764705882352941,0.564651983036866
5.000000000000001,-0.2223529411764706,0.5402724957702647
5.000000000000001,-0.1970588235294118,0.5180958562024228
5.000000000000001,-0.17176470588235293,0.49849427806356045
5.000000000000001,-0.14647058823529413,0.48190196020159226
5.000000000000001,-0.12117647058823527,0.4688234803969277
5.000000000000001,-0.09588235294117647,0.45982917970241793
5.000000000000001,-0.07058823529411762,0.45551300289704466
5.000000000000001,-0.04529411764705882,0.4563931942577649
5.000000000000001,-0.02,0.4627849993950894
