ticker,ann_date,t_minus1,t_plus1,S_entry,S_exit,iv_near,iv_far,EP,move_pct,raw_pnl,net_pnl,pnl_pct_prem,stop_triggered,lam_earnings,ep_merton,ep_bs
DDOG,2023-08-08,2023-08-07,2023-08-09,106.3,87.95,0.406019,0.315698,0.09032,-17.2625,-7.987127,-8.004807,-452.7655,True,137.7399,19.410869,4.71093
TXN,2023-08-08,2023-08-07,2023-08-09,155.8539,153.7876,0.238054,0.184181,0.053873,-1.3258,7.123544,7.097623,273.811,False,0.486,3.353455,6.907026
UBER,2023-08-08,2023-08-07,2023-08-09,44.95,45.25,0.348461,0.248305,0.100155,0.6674,3.488692,3.481215,465.6471,False,0.486,0.967174,1.992063
AMAT,2023-08-08,2023-08-07,2023-08-09,146.7345,144.3927,0.362863,0.309881,0.052983,-1.596,10.51062,10.486216,429.6771,False,0.8254,3.256748,6.502879
RBLX,2023-08-08,2023-08-07,2023-08-09,37.6,32.44,1.834732,0.327357,1.507375,-13.7234,10.669867,10.663613,1705.188,True,86.9211,5.546011,1.666331
PYPL,2023-08-08,2023-08-07,2023-08-09,64.0774,62.7644,0.548458,0.22595,0.322508,-2.049,7.025635,7.014977,658.229,False,1.5907,1.523159,2.839738
NET,2023-08-08,2023-08-07,2023-08-09,67.79,66.86,0.574848,0.425361,0.149487,-1.3719,8.301454,8.290179,735.282,False,0.5172,1.4628,3.00427
LRCX,2023-08-08,2023-08-07,2023-08-09,68.7136,67.8768,0.433019,0.251073,0.181946,-1.2178,6.287309,6.27588,549.1456,False,0.486,1.478487,3.045203
MELI,2023-08-08,2023-08-07,2023-08-09,1358.8101,1347.65,0.586047,0.354661,0.231386,-0.8213,177.36337,177.137373,783.8034,False,0.486,29.23705,60.218804
KLAC,2023-08-08,2023-08-07,2023-08-09,493.737,488.141,0.368877,0.260089,0.108788,-1.1334,38.331457,38.249339,465.7834,False,0.486,10.62357,21.881095
NVDA,2023-08-08,2023-08-07,2023-08-09,45.3287,44.1879,0.726397,0.40783,0.318567,-2.5167,6.603537,6.595998,874.9091,False,2.5801,1.173889,2.008846
DXCM,2023-11-06,2023-11-03,2023-11-07,97.46,95.81,0.415866,0.24,0.175867,-1.693,8.071168,8.054959,496.927,False,0.9733,2.192296,4.319165
BIIB,2023-11-06,2023-11-03,2023-11-07,249.5,246.6,0.368438,0.201032,0.167406,-1.1623,19.272737,19.23124,463.4389,False,0.486,5.368406,11.057168
QCOM,2023-11-06,2023-11-03,2023-11-07,112.7746,113.086,0.251884,0.181557,0.070327,0.2761,6.695963,6.677207,355.9912,False,0.486,2.426532,4.997867
LRCX,2023-11-06,2023-11-03,2023-11-07,61.9565,62.5349,0.409558,0.2594,0.150158,0.9336,5.511793,5.501488,533.8866,False,0.486,1.333097,2.745745
AMAT,2023-11-06,2023-11-03,2023-11-07,136.658,136.9024,0.378123,0.323459,0.054664,0.1789,12.203676,12.180947,535.9223,False,0.486,2.940422,6.056313
INTU,2023-11-06,2023-11-03,2023-11-07,489.8759,499.3784,0.279135,0.205002,0.074133,1.9398,23.997916,23.916439,293.5392,False,1.3887,11.437931,21.709981
DDOG,2023-11-06,2023-11-03,2023-11-07,82.04,98.99,1.77113,0.246641,1.524489,20.6606,16.430057,16.416412,1203.1182,True,197.4602,17.750217,3.635792
SNOW,2023-11-06,2023-11-03,2023-11-07,149.99,155.77,0.770719,0.31919,0.45153,3.8536,21.364361,21.339414,855.4131,True,6.5268,5.270353,6.647153
MDB,2023-11-06,2023-11-03,2023-11-07,343.11,355.01,0.745066,0.565314,0.179752,3.4683,48.183447,48.126381,843.3455,True,5.2194,10.969955,15.205711
KLAC,2023-11-06,2023-11-03,2023-11-07,488.4137,488.1106,0.416389,0.269407,0.146982,-0.0621,48.472382,48.391149,595.7085,False,0.486,10.509029,21.645179
AAPL,2023-11-06,2023-11-03,2023-11-07,174.443,176.9414,0.20152,0.139579,0.061941,1.4322,6.326628,6.297615,217.0593,False,0.5956,3.791371,7.730843
TXN,2023-11-06,2023-11-03,2023-11-07,139.847,136.6541,0.262571,0.186895,0.075676,-2.2832,5.83932,5.816061,250.0526,False,2.0607,3.463851,6.197644
NET,2023-11-06,2023-11-03,2023-11-07,64.42,64.03,0.517523,0.414147,0.103376,-0.6054,7.53666,7.525946,702.4187,False,0.486,1.386103,2.854921
PCAR,2023-11-06,2023-11-03,2023-11-07,77.972,77.3612,0.207487,0.157225,0.050262,-0.7834,3.440359,3.42739,264.2898,False,0.486,1.677697,3.45551
NXPI,2023-11-06,2023-11-03,2023-11-07,173.5208,170.3668,0.353489,0.242987,0.110502,-1.8177,11.671574,11.642714,403.4209,False,1.1761,3.975204,7.689975
AMZN,2023-11-06,2023-11-03,2023-11-07,138.6,140.55,0.247207,0.196431,0.050777,1.4069,6.513398,6.490346,281.5531,False,0.5623,3.003181,6.142379
TSLA,2023-11-06,2023-11-03,2023-11-07,219.96,219.98,0.585452,0.359895,0.225557,0.0091,30.46761,30.431026,831.8185,False,0.486,4.732804,9.748035
ADBE,2023-11-06,2023-11-03,2023-11-07,563.66,568.81,0.373219,0.203025,0.170194,0.9137,45.559744,45.465997,484.9816,False,0.486,12.128078,24.979893
UBER,2023-11-06,2023-11-03,2023-11-07,47.75,47.0,0.279951,0.185359,0.094592,-1.5707,2.524357,2.516415,316.858,False,0.7883,1.056228,2.116151
RBLX,2023-11-06,2023-11-03,2023-11-07,34.9,34.05,0.839651,0.322876,0.516774,-2.4355,6.015145,6.00934,1035.2781,False,2.3939,0.889592,1.546674
NFLX,2024-02-07,2024-02-06,2024-02-08,55.588,56.055,0.333853,0.249992,0.083861,0.8401,4.032082,4.022837,435.118,False,0.486,1.196068,2.463511
FTNT,2024-02-07,2024-02-06,2024-02-08,67.48,69.79,0.433136,0.336979,0.096157,3.4232,4.688003,4.67678,416.7039,True,5.0755,2.134311,2.990532
MDB,2024-02-07,2024-02-06,2024-02-08,443.31,457.85,0.62246,0.487405,0.135055,3.2799,50.660611,50.58688,686.0979,False,4.6302,13.553636,19.646306
NET,2024-02-07,2024-02-06,2024-02-08,81.59,83.75,1.454299,0.36155,1.092749,2.6474,25.254798,25.241228,1860.0699,False,2.8929,2.169374,3.615849
PYPL,2024-02-07,2024-02-06,2024-02-08,63.3712,57.6717,1.034714,0.229946,0.804768,-8.9939,9.581126,9.570586,908.0346,True,37.1307,6.144815,2.808441
LRCX,2024-02-07,2024-02-06,2024-02-08,81.7738,83.4766,0.432696,0.362798,0.069899,2.0824,6.76925,6.755649,496.7167,False,1.6545,1.954793,3.623994
AMZN,2024-02-07,2024-02-06,2024-02-08,169.15,169.65,0.311611,0.238079,0.073531,0.2956,12.327404,12.299271,437.1828,False,0.486,3.639542,7.496272
DDOG,2024-02-07,2024-02-06,2024-02-08,129.18,128.08,0.359529,0.304829,0.0547,-0.8515,10.116114,10.094629,469.8409,False,0.486,2.779522,5.72491
ILMN,2024-02-07,2024-02-06,2024-02-08,140.9436,138.5895,0.634329,0.3462,0.288128,-1.6702,18.758268,18.734826,799.2085,False,0.9378,3.160264,6.24624
CDNS,2024-02-07,2024-02-06,2024-02-08,292.8,303.5,0.443469,0.32764,0.115829,3.6544,20.358425,20.309726,417.0506,True,5.8337,9.794164,12.976107
BIIB,2024-02-07,2024-02-06,2024-02-08,245.55,239.89,0.581515,0.231171,0.350344,-2.305,28.153173,28.112334,688.3553,False,2.1072,6.106536,10.882115
ABNB,2024-02-07,2024-02-06,2024-02-08,144.53,149.25,0.447224,0.39473,0.052494,3.2658,10.735266,10.711228,445.5916,False,4.5874,4.404251,6.405181
AMAT,2024-02-07,2024-02-06,2024-02-08,165.3219,166.5861,0.56681,0.449985,0.116825,0.7647,20.944568,20.917071,760.7225,False,0.486,3.557174,7.326621
COIN,2024-02-07,2024-02-06,2024-02-08,119.79,127.22,1.06507,0.934229,0.130842,6.2025,22.281081,22.261158,1117.3337,True,17.4732,7.378337,5.30877
UBER,2024-02-07,2024-02-06,2024-02-08,70.47,71.93,1.041831,0.274296,0.767535,2.0718,15.646362,15.634641,1333.9494,False,1.6341,1.681553,3.123041
INTU,2024-02-07,2024-02-06,2024-02-08,625.2371,636.1908,0.344571,0.276704,0.067867,1.7519,41.187586,41.083597,395.0749,False,1.0673,14.184211,27.708824
TXN,2024-02-07,2024-02-06,2024-02-08,148.5878,149.4697,0.260381,0.196223,0.064158,0.5936,8.640237,8.615523,348.6215,False,0.486,3.197113,6.585011
CDNS,2024-05-08,2024-05-07,2024-05-09,284.04,283.05,0.270226,0.219511,0.050715,-0.3485,17.853874,17.806632,376.9276,False,0.486,6.111591,12.587889
ISRG,2024-05-08,2024-05-07,2024-05-09,388.65,381.79,0.309523,0.157119,0.152404,-1.7651,22.42697,22.36233,345.9506,False,1.0888,8.833996,17.223922
FTNT,2024-05-08,2024-05-07,2024-05-09,59.43,59.4,0.296032,0.223166,0.072866,-0.0505,4.264489,4.254604,430.4366,False,0.486,1.278735,2.633778
ABNB,2024-05-08,2024-05-07,2024-05-09,159.81,146.6,0.531917,0.181422,0.350495,-8.2661,6.981097,6.954518,261.6488,True,31.3092,14.073316,7.082349
RBLX,2024-05-08,2024-05-07,2024-05-09,40.54,29.92,1.945874,0.273142,1.672732,-26.1964,7.445385,7.438642,1103.2288,True,317.6642,10.961241,1.796624
IDXX,2024-05-08,2024-05-07,2024-05-09,483.68,488.28,0.382824,0.191513,0.191311,0.951,39.979797,39.899352,495.9791,False,0.486,10.407177,21.435395
NET,2024-08-08,2024-08-07,2024-08-09,76.37,77.51,0.482431,0.295764,0.186666,1.4927,7.642925,7.630223,600.7173,False,0.6776,1.672342,3.384513
PAYC,2024-08-08,2024-08-07,2024-08-09,150.2386,155.9633,0.364256,0.259041,0.105215,3.8104,7.482714,7.457726,298.4563,True,6.3734,5.222726,6.658168
BIIB,2024-08-08,2024-08-07,2024-08-09,199.78,203.12,0.20045,0.14973,0.050721,1.6718,6.717827,6.684599,201.1774,False,0.9403,4.480516,8.853712
ABNB,2024-08-08,2024-08-07,2024-08-09,113.01,114.465,0.28177,0.210001,0.071769,1.2875,6.34158,6.322784,336.3932,False,0.486,2.431597,5.008299
ILMN,2024-08-08,2024-08-07,2024-08-09,121.1,126.59,0.580142,0.302988,0.277154,4.5334,11.147858,11.127717,552.4813,True,9.1692,5.048536,5.366826
IDXX,2024-08-08,2024-08-07,2024-08-09,467.07,482.41,0.308077,0.211937,0.09614,3.2843,19.70144,19.623757,252.6131,False,4.6437,14.294896,20.699286
TSLA,2024-08-08,2024-08-07,2024-08-09,191.76,197.05,0.638294,0.556239,0.082055,2.7587,23.608276,23.576383,739.222,False,3.1717,5.218222,8.498287
REGN,2024-08-08,2024-08-07,2024-08-09,1059.053,1103.8826,0.259475,0.178797,0.080678,4.233,22.819275,22.643134,128.5507,True,7.9486,40.930749,46.934377
DXCM,2024-11-06,2024-11-05,2024-11-07,69.0,68.79,0.460714,0.340671,0.120043,-0.3043,7.381882,7.370406,642.241,False,0.486,1.484649,3.057894
NET,2024-11-06,2024-11-05,2024-11-07,87.71,94.89,0.59481,0.460102,0.134708,8.1861,5.16498,5.150392,353.0587,True,30.6993,7.636422,3.887071
ABNB,2024-11-06,2024-11-05,2024-11-07,137.82,141.76,0.828555,0.290186,0.538369,2.8588,22.821574,22.798652,994.6095,False,3.4323,3.831559,6.107812
INTC,2024-11-06,2024-11-05,2024-11-07,23.32,25.43,0.634847,0.392375,0.242473,9.048,1.385939,1.382061,356.3315,True,37.5835,2.276361,1.03348
COIN,2024-11-06,2024-11-05,2024-11-07,193.96,245.63,1.713053,0.826339,0.886714,26.6395,24.739034,24.706775,765.878,True,328.515,53.271131,8.595785
TSLA,2024-11-06,2024-11-05,2024-11-07,251.44,288.89,0.964983,0.509596,0.455387,14.8942,19.19172,19.1499,457.9181,True,102.4483,40.00104,11.143144
VRTX,2024-11-06,2024-11-05,2024-11-07,499.88,493.7,0.405895,0.271934,0.133961,-1.2363,42.53772,42.45458,510.6396,False,0.486,10.755747,22.153336
TXN,2024-11-06,2024-11-05,2024-11-07,193.8369,206.6087,0.324303,0.236489,0.087813,6.5889,2.492009,2.45977,76.2981,True,19.7638,12.906262,8.59033
ODFL,2024-11-06,2024-11-05,2024-11-07,204.7405,227.6565,0.386366,0.269872,0.116494,11.1927,-3.879142,-3.913195,-114.9168,True,57.7002,24.92693,9.073548
MELI,2024-11-06,2024-11-05,2024-11-07,2090.01,1920.0,1.49072,0.384508,1.106212,-8.1344,549.352353,549.004743,1579.3684,True,30.3086,180.614045,92.623618
PCAR,2024-11-06,2024-11-05,2024-11-07,101.5309,108.9811,0.292285,0.225203,0.067082,7.3379,-0.200698,-0.217584,-12.885,True,24.5972,7.744902,4.499576
PYPL,2024-11-06,2024-11-05,2024-11-07,78.8286,81.2605,0.328974,0.25569,0.073284,3.0852,3.859876,3.846765,293.4052,False,4.0559,2.304289,3.493469
AAPL,2024-11-06,2024-11-05,2024-11-07,221.7874,222.9586,0.191618,0.118474,0.073144,0.5281,9.545721,9.508834,257.7781,False,0.486,4.772124,9.829022
KLAC,2024-11-06,2024-11-05,2024-11-07,661.1061,673.4538,0.377324,0.29985,0.077475,1.8677,47.751293,47.641338,433.2798,False,1.2616,15.261769,29.298445
FTNT,2024-11-06,2024-11-05,2024-11-07,77.92,82.45,0.638327,0.284601,0.353727,5.8137,7.21316,7.2002,555.5861,True,15.3078,4.413913,3.453205
VRTX,2025-02-10,2025-02-07,2025-02-11,469.32,459.83,0.307958,0.189164,0.118794,-2.0221,25.707426,25.629369,328.3406,False,1.5398,11.105948,20.799
INTC,2025-02-10,2025-02-07,2025-02-11,19.1,19.87,0.963685,0.786167,0.177518,4.0314,3.527003,3.523826,1109.2687,True,7.1766,0.701657,0.846461
AMAT,2025-02-10,2025-02-07,2025-02-11,177.773,179.5508,0.673434,0.41234,0.261094,1.0,26.44181,26.412243,893.2954,False,0.486,3.825081,7.878422
BIIB,2025-02-10,2025-02-07,2025-02-11,141.35,140.66,0.469817,0.284875,0.184942,-0.4882,15.157284,15.133775,643.735,False,0.486,3.04138,6.264252
ABNB,2025-02-10,2025-02-07,2025-02-11,134.98,134.91,0.948512,0.446533,0.501979,-0.0519,29.830756,29.808307,1327.7723,False,0.486,2.904318,5.98195
DDOG,2025-02-10,2025-02-07,2025-02-11,142.65,146.38,0.634013,0.418946,0.215067,2.6148,17.627643,17.603917,741.9818,False,2.8134,3.767702,6.321864
DXCM,2025-02-10,2025-02-07,2025-02-11,88.08,87.52,0.549432,0.463568,0.085864,-0.6358,10.921787,10.907138,744.542,False,0.486,1.895187,3.903469
COIN,2025-02-10,2025-02-07,2025-02-11,274.49,277.55,1.046157,0.944773,0.101384,1.1148,63.841387,63.795733,1397.4003,False,0.486,5.906107,12.164658
AMD,2025-05-12,2025-05-09,2025-05-13,102.84,109.6,0.518939,0.437361,0.081578,6.5733,5.927468,5.910363,345.5476,True,19.6685,6.826587,4.557592
VRTX,2025-05-12,2025-05-09,2025-05-13,424.99,437.53,0.355149,0.202614,0.152535,2.9507,23.932984,23.8623,337.5898,False,3.6797,12.054846,18.834412
NVDA,2025-05-12,2025-05-09,2025-05-13,116.4868,124.8051,0.420637,0.276199,0.144437,7.141,3.428081,3.408707,175.9417,True,23.2765,8.589702,5.16238
COIN,2025-05-12,2025-05-09,2025-05-13,199.32,231.71,1.742552,0.737151,1.005401,16.2502,47.440623,47.407472,1430.0513,True,122.0198,34.38891,8.833326
NET,2025-05-12,2025-05-09,2025-05-13,132.34,143.42,0.404965,0.294991,0.109973,8.3724,1.789453,1.767442,80.2989,True,32.129,11.829067,5.864952
MRNA,2025-05-12,2025-05-09,2025-05-13,24.25,25.6,0.783861,0.532327,0.251534,5.567,3.11141,3.107376,770.4382,True,14.007,1.299194,1.074695
AVGO,2025-05-12,2025-05-09,2025-05-13,206.5266,220.2157,0.384787,0.324441,0.060346,6.6282,5.439042,5.404693,157.3442,True,20.0045,13.856384,9.152704
ILMN,2025-05-12,2025-05-09,2025-05-13,75.76,81.49,0.448104,0.353254,0.094849,7.5634,2.386661,2.37406,188.4115,True,26.1544,5.99855,3.357479
UBER,2025-05-12,2025-05-09,2025-05-13,82.81,87.41,0.331412,0.257957,0.073455,5.5549,2.055968,2.042195,148.2758,True,13.9446,4.424187,3.669916
KLAC,2025-05-12,2025-05-09,2025-05-13,695.0365,753.3196,0.379664,0.298797,0.080866,8.3856,5.273217,5.157619,44.6167,True,32.2318,62.239182,30.802147
AMAT,2025-05-12,2025-05-09,2025-05-13,154.0388,167.1649,0.490166,0.283003,0.207163,8.5213,4.86218,4.836561,188.7827,True,33.295,14.05191,6.826584
FTNT,2025-05-12,2025-05-09,2025-05-13,97.42,101.49,0.301415,0.207164,0.094252,4.1778,3.089979,3.073776,189.7054,True,7.7334,3.713087,4.317392
DXCM,2025-05-12,2025-05-09,2025-05-13,84.67,84.74,0.277237,0.21318,0.064057,0.0827,5.683356,5.669274,402.5813,False,0.486,1.821815,3.752346
BIIB,2025-05-12,2025-05-09,2025-05-13,118.17,124.01,0.371976,0.277217,0.09476,4.942,4.757496,4.737842,241.0622,True,10.9633,5.454065,5.236976
PAYC,2025-08-12,2025-08-11,2025-08-13,218.9794,213.1542,0.381077,0.261474,0.119603,-2.6601,14.269975,14.233554,390.8101,False,2.9243,5.837674,9.704577
PYPL,2025-08-12,2025-08-11,2025-08-13,66.7233,67.8672,0.338074,0.240002,0.098072,1.7144,4.321052,4.309955,388.3748,False,1.007,1.505476,2.956996
NXPI,2025-08-12,2025-08-11,2025-08-13,202.2609,217.6503,0.382694,0.264989,0.117705,7.6087,3.246567,3.212927,95.5091,True,26.4732,16.132036,8.96366
RBLX,2025-08-12,2025-08-11,2025-08-13,130.74,129.81,0.496869,0.374612,0.122257,-0.7113,14.538351,14.516606,667.5938,False,0.486,2.813088,5.794045
AMD,2025-08-12,2025-08-11,2025-08-13,172.28,179.91,0.625892,0.363129,0.262764,4.4288,17.843714,17.815061,621.7391,True,8.7347,6.995526,7.634986
NFLX,2025-08-12,2025-08-11,2025-08-13,121.831,123.4,0.30138,0.232165,0.069216,1.2878,7.384103,7.36384,363.4145,False,0.486,2.621396,5.399222
KLAC,2025-08-12,2025-08-11,2025-08-13,904.3514,933.9804,0.682843,0.311897,0.370946,3.2763,115.873012,115.7226,769.3725,False,4.6193,27.626116,40.078419
BIIB,2025-08-12,2025-08-11,2025-08-13,128.0,129.62,0.413324,0.310623,0.102701,1.2656,11.072767,11.051478,519.118,False,0.486,2.754132,5.672615
OKTA,2025-08-12,2025-08-11,2025-08-13,88.51,89.63,0.39137,0.298508,0.092862,1.2654,7.211271,7.19655,488.8636,False,0.486,1.904439,3.922525
PANW,2025-08-12,2025-08-11,2025-08-13,168.17,180.15,0.310512,0.152127,0.158386,7.1237,0.730728,0.702758,25.1254,True,23.1623,12.363244,7.452842
LRCX,2025-08-12,2025-08-11,2025-08-13,101.51,105.9884,0.604871,0.36748,0.237391,4.4118,10.042722,10.025839,593.8372,True,8.6648,4.104173,4.498652
AMAT,2025-08-12,2025-08-11,2025-08-13,183.0373,188.4178,1.089268,0.332456,0.756812,2.9396,41.023262,40.992819,1346.5544,False,3.6494,5.179184,8.11172
FTNT,2025-08-12,2025-08-11,2025-08-13,74.57,79.88,0.430556,0.275434,0.155122,7.1208,2.379172,2.36677,190.8304,True,23.1431,5.479298,3.304742
DXCM,2025-11-10,2025-11-07,2025-11-11,55.0,56.29,0.505042,0.267792,0.23725,2.3455,5.320265,5.311117,580.6025,False,2.1943,1.378116,2.437452
QCOM,2025-11-10,2025-11-07,2025-11-11,168.3149,168.4233,0.374886,0.27744,0.097446,0.0644,15.098498,15.070504,538.3452,False,0.486,3.621575,7.459264
ABNB,2025-11-10,2025-11-07,2025-11-11,120.88,120.28,0.331576,0.273807,0.05777,-0.4964,9.120446,9.100341,452.6462,False,0.486,2.600933,5.357076
AAPL,2025-11-10,2025-11-07,2025-11-11,267.7126,269.3096,0.228929,0.148415,0.080514,0.5965,13.628451,13.583925,305.0789,False,0.486,5.760281,11.864303
TSLA,2025-11-10,2025-11-07,2025-11-11,429.52,439.4,0.503913,0.412613,0.0913,2.3002,41.631477,41.560039,581.7659,False,2.097,10.672209,19.03517
MRNA,2025-11-10,2025-11-07,2025-11-11,24.54,24.95,0.750479,0.588135,0.162344,1.6707,3.917655,3.913574,958.8588,False,0.9386,0.55028,1.087547
AMD,2025-11-10,2025-11-07,2025-11-11,233.54,241.66,0.81912,0.512677,0.306443,3.4769,36.72538,36.686537,944.4983,True,5.2472,7.482301,10.349864
PYPL,2025-11-10,2025-11-07,2025-11-11,65.8678,65.8977,0.349573,0.269103,0.080471,0.0453,5.538762,5.527807,504.5859,False,0.486,1.417256,2.919086
COIN,2026-02-11,2026-02-10,2026-02-12,162.51,153.1,1.354355,0.803024,0.551331,-5.7904,41.537431,41.510402,1535.7926,True,15.1828,9.158187,7.202006
ISRG,2026-02-11,2026-02-10,2026-02-12,495.15,496.12,0.352492,0.223442,0.12905,0.1959,41.222425,41.140071,499.5558,False,0.486,10.653973,21.943715
VRTX,2026-02-11,2026-02-10,2026-02-12,463.48,462.0,0.510991,0.406241,0.10475,-0.3193,54.855959,54.778873,710.6206,False,0.486,9.97254,20.540187
AAPL,2026-02-11,2026-02-10,2026-02-12,273.4281,275.3363,0.484064,0.209027,0.275037,0.6979,29.639648,29.594172,650.7569,False,0.486,5.883258,12.117596
IDXX,2026-02-11,2026-02-10,2026-02-12,646.53,651.49,0.432186,0.347419,0.084767,0.7672,61.947528,61.839997,575.0909,False,0.486,13.911165,28.652471
FAST,2026-02-11,2026-02-10,2026-02-12,46.4127,47.099,0.32045,0.230002,0.090447,1.4788,2.927438,2.919719,378.2335,False,0.6584,1.014557,2.056885
ABNB,2026-02-11,2026-02-10,2026-02-12,120.32,119.55,0.447228,0.368911,0.078317,-0.64,12.096507,12.076496,603.4744,False,0.486,2.588884,5.332259
DXCM,2026-02-11,2026-02-10,2026-02-12,68.16,68.01,0.708656,0.25988,0.448776,-0.2201,11.218618,11.207281,988.6131,False,0.486,1.466575,3.020668
AMAT,2026-02-11,2026-02-10,2026-02-12,328.252,339.0352,0.648336,0.489532,0.158804,3.285,39.438761,39.384166,721.3897,False,4.6459,10.047974,14.547247
PAYC,2026-02-11,2026-02-10,2026-02-12,124.2614,106.21,0.48352,0.431866,0.051653,-14.527,-3.729731,-3.750398,-181.4666,True,97.4412,19.317111,5.506932
PANW,2026-02-11,2026-02-10,2026-02-12,165.51,166.29,0.545682,0.311429,0.234253,0.4713,20.653133,20.625605,749.2697,False,0.486,3.561222,7.334957
PCAR,2026-02-11,2026-02-10,2026-02-12,126.3475,129.9663,0.307484,0.239047,0.068437,2.8641,5.843148,5.822134,277.0582,False,3.4465,3.516671,5.599383
CDNS,2026-02-11,2026-02-10,2026-02-12,299.0,298.71,0.871806,0.329607,0.542199,-0.097,60.718768,60.669038,1219.9769,False,0.486,6.43348,13.250875
FTNT,2026-02-11,2026-02-10,2026-02-12,85.53,87.55,0.458201,0.310701,0.1475,2.3617,7.341357,7.327131,515.0759,False,2.2299,2.149668,3.790459
RBLX,2026-02-11,2026-02-10,2026-02-12,71.94,68.34,0.681361,0.564415,0.116945,-5.0042,7.950105,7.93814,663.4436,True,11.2498,3.371348,3.188187
MELI,2026-05-13,2026-05-12,2026-05-14,1578.78,1547.0,0.472113,0.302409,0.169705,-2.0129,146.054103,145.791521,555.2216,False,1.5227,37.303679,69.967281
LRCX,2026-05-13,2026-05-12,2026-05-14,289.24,296.33,0.701435,0.426992,0.274443,2.4513,40.675698,40.627591,844.5365,False,2.4295,7.395099,12.818338
AMD,2026-05-13,2026-05-12,2026-05-14,448.29,440.6,0.790265,0.542105,0.24816,-1.7154,75.439933,75.365374,1010.8076,False,1.0086,10.11627,19.867007
REGN,2026-05-13,2026-05-12,2026-05-14,722.3311,717.9277,0.801167,0.231762,0.569405,-0.6096,131.34187,131.221732,1092.2578,False,0.486,15.542151,32.011771
NVDA,2026-05-13,2026-05-12,2026-05-14,220.523,229.5824,0.518742,0.426697,0.092045,4.1082,18.136735,18.100057,493.4939,True,7.4661,8.258957,9.772985
COIN,2026-05-13,2026-05-12,2026-05-14,207.64,201.25,0.794869,0.629781,0.165088,-3.0774,32.332568,32.298034,935.235,False,4.0338,6.059043,9.202046
AMAT,2026-05-13,2026-05-12,2026-05-14,430.6646,442.7895,0.591497,0.397747,0.193751,2.8154,48.163503,48.091875,671.4106,False,3.3182,11.861672,19.085896
TSLA,2026-05-13,2026-05-12,2026-05-14,433.45,446.49,0.479225,0.327962,0.151263,3.0084,36.490494,36.418402,505.17,False,3.8392,12.453501,19.209338
DXCM,2026-05-13,2026-05-12,2026-05-14,61.14,59.02,0.522781,0.266652,0.256129,-3.4675,5.476729,5.46656,537.5816,True,5.2167,1.954384,2.70956
NFLX,2026-05-13,2026-05-12,2026-05-14,87.66,87.62,0.267852,0.190606,0.077246,-0.0456,5.727849,5.71327,391.8672,False,0.486,1.88615,3.884855
BIIB,2026-05-13,2026-05-12,2026-05-14,199.36,200.25,0.457758,0.283745,0.174013,0.4464,20.909927,20.876769,629.6235,False,0.486,4.289561,8.835099
MRNA,2026-05-13,2026-05-12,2026-05-14,53.27,49.5,0.594194,0.451345,0.142848,-7.0772,3.720117,3.711257,418.8842,True,22.8557,3.884096,2.360783
INTC,2026-05-13,2026-05-12,2026-05-14,120.61,114.66,0.834725,0.476266,0.358459,-4.9333,17.639537,17.619477,878.3456,True,10.9232,5.554669,5.345111
KLAC,2026-05-13,2026-05-12,2026-05-14,1809.041,1842.778,0.616506,0.462989,0.153517,1.8649,229.865761,229.564881,762.9793,False,1.2567,41.743873,80.171829
RBLX,2026-05-13,2026-05-12,2026-05-14,41.54,42.05,0.904286,0.480361,0.423925,1.2277,8.273478,8.266569,1196.5049,False,0.486,0.893802,1.840941
ODFL,2026-05-13,2026-05-12,2026-05-14,190.8781,189.3899,0.305143,0.232608,0.072534,-0.7796,12.703852,12.672105,399.1614,False,0.486,4.107058,8.459201
