Price,Close,High,Low,Open,Volume,returns
Ticker,QQQ,QQQ,QQQ,QQQ,QQQ,
Date,,,,,,
2023-05-16,321.4579772949219,323.16764148062344,320.33783180381295,320.3771430453496,40019200,0.001131504334559115
2023-05-17,325.3489074707031,325.92862076731785,321.34003095054015,322.5190981690881,47486100,0.012031341046872675
2023-05-18,331.3916931152344,331.6078599234032,325.7222695353631,325.74191015949276,64213500,0.018402870717920825
2023-05-19,330.6450500488281,332.3154031274269,329.58385634177114,331.6079506512869,61554900,-0.0022555949973300364
2023-05-22,331.75537109375,332.7674182813665,330.3797473558135,330.3895826637314,43015900,0.0033524196222234465
2023-05-23,327.54986572265625,331.18539054519056,327.1961545433074,330.03579922661845,48216700,-0.012757558032652489
2023-05-24,325.8697509765625,327.1078003542459,323.8161806503019,325.59463222437677,62891200,-0.0051425405843599425
2023-05-25,333.799072265625,335.0665974450739,330.8022422525077,333.22919419234955,66862800,0.024041467262912425
2023-05-26,342.3277893066406,343.1629807974881,334.722698053465,334.82096116751046,63007000,0.025229494397586868
2023-05-30,343.8802185058594,347.7613560675024,342.4554785237535,346.56261821624497,72652200,0.004524668409777548
2023-05-31,341.9249267578125,344.48945306585824,340.4707406387247,342.2983085945595,65105400,-0.005702194156974837
2023-06-01,345.8749084472656,347.2013556198988,340.618146366898,341.66950478011034,50488600,0.011485972845974251
2023-06-02,348.4688415527344,349.62826827724246,345.8748693896707,347.6336501039752,53372100,0.007471645486131684
2023-06-05,348.7144775390625,351.26916839727164,347.6827898779061,348.2526679224413,47266200,0.0007046525347509932
2023-06-06,348.655517578125,349.6184480290235,346.7788032216218,348.10528017352283,41390400,-0.00016909233689660767
2023-06-07,342.7405090332031,350.8958383761309,342.1116490429839,348.94053119311474,69225900,-0.017110751672919002
2023-06-08,346.9949645996094,347.4567741982454,342.8092322651374,343.03520441858984,47153900,0.012336641182036283
2023-06-09,348.32147216796875,351.4264005957321,346.87709138014355,348.4492112149935,53196900,0.003815555357361038
2023-06-12,354.20703125,354.3052943529786,349.00925194071897,349.98198769312216,44606500,0.01675575226593107
2023-06-13,356.92877197265625,357.76393338304973,353.75505666181834,356.9582479049561,57097800,0.007654667364798938
2023-06-14,359.5227355957031,359.8076895917558,354.13826551644587,356.93856897675994,69525600,0.007241173841044455
2023-06-15,363.80682373046875,365.2904858588163,357.6362777663679,358.25527243714697,71138800,0.011845605295948983
2023-06-16,361.51739501953125,366.35165825781803,361.07525599467357,366.22391921096187,80932000,-0.006312863282345793
2023-06-20,360.9998779296875,362.397056132463,358.03830213467023,360.0651728884419,49204700,-0.0014325392560762139
2023-06-21,356.08026123046875,360.2914331262993,355.1553750173207,359.85850638708854,53378300,-0.013721461851992816
2023-06-22,360.2815856933594,360.438986288893,354.4272564085089,354.8306667482636,47603000,0.011729749850493363
2023-06-23,356.71002197265625,359.01238895404134,355.01767999999373,356.385311870061,48922900,-0.009962719853336344
2023-06-26,351.9281311035156,358.9729945543616,351.8395819991526,356.17866827388485,52685500,-0.013496206582501653
2023-06-27,357.979248046875,358.70736854848366,352.7448216192728,353.4729120940555,49428100,0.01704803662049916
2023-06-28,358.67779541015625,360.62593556717525,356.080235165036,356.15896549012393,46498000,0.0019494612964145138
2023-06-29,357.9595947265625,359.02224413799314,356.31646669343706,358.3826727205455,46151000,-0.0020043635286814175
2023-06-30,363.4793701171875,364.5321406265844,361.32458510548383,361.6394163650322,58712500,0.015302425763945146
2023-07-03,364.3353576660156,364.96505018225037,363.0365774410757,364.1188942951923,19432900,0.0023522138556069704
2023-07-05,364.3255615234375,366.02775236851033,362.73161739283285,362.77098256416923,34460900,-2.688806911614971e-05
2023-07-06,361.55084228515625,361.99361781521185,358.6581182234109,360.6161373160052,49374700,-0.007645193420447383
2023-07-07,360.3504333496094,364.52226973044776,360.1241512291807,361.3245334383602,47133700,-0.0033256903193298348
2023-07-10,360.468505859375,361.1474122875821,357.5659631843357,360.0749443133993,48498800,0.0003276065719117469
2023-07-11,362.2494201660156,362.7020144344407,358.75649019433894,360.89160733391975,38214100,0.004928390032212217
2023-07-12,366.8246154785156,368.1725794348403,364.3451208768613,366.3523236432436,61975400,0.012550866297082755
2023-07-13,373.0528259277344,373.87931415841757,369.4221629695209,370.0026714877334,46960000,0.01683618723648075
2023-07-14,372.9742126464844,376.70324433821355,372.09851025291334,373.48583975813085,55148500,-0.00021075182929347633
2023-07-17,376.45721435546875,377.3329166322363,373.21029383715927,373.6924045131907,40868900,0.009295118034394697
2023-07-18,379.53692626953125,380.90458816742535,373.889240508332,375.8177134466004,55262000,0.008147494232862462
2023-07-19,379.4483642578125,381.74091239064427,378.12006757474666,380.5995627236231,54093000,-0.0002333695085425532
2023-07-20,370.7013244628906,377.923286171888,369.6780403163192,376.45722647364715,71941700,-0.023321841996321334
2023-07-21,369.5894470214844,373.81046734793506,369.1565203199602,373.0823469716512,60499600,-0.0030038960914023924
2023-07-24,370.17987060546875,371.508137285771,368.32024921012385,370.56358341647297,40380100,0.0015962373547572612
2023-07-25,372.6888122558594,374.351637654843,370.8685562243706,370.88825382019803,38894400,0.006754763655691743
2023-07-26,371.4490966796875,373.141438590873,369.14672978193954,371.6458924939192,47075700,-0.003331954220368006
2023-07-27,370.5635681152344,378.52346920353193,369.2746366303733,376.9098576612278,63940200,-0.002386829839620899
2023-07-28,377.3132629394531,378.33651706389406,374.1056774417926,374.6173045040131,56902900,0.018050774711275086
2023-07-31,377.510009765625,378.69072449832686,376.19156199597427,377.61825646242045,44019900,0.0005213056823817368
2023-08-01,376.6343994140625,377.39200630882476,374.56816330573247,376.1621074380126,41060600,-0.0023221301765715516
2023-08-02,368.36944580078125,373.1611264871784,367.12969826236815,373.1611264871784,72687100,-0.02218859072049572
2023-08-03,367.7790832519531,369.90435184798616,365.7915476989131,365.95882713700206,47666400,-0.0016039227196448923
2023-08-04,366.0572509765625,372.0197980045004,365.555442653565,369.7075822366438,61702800,-0.004692696054528903
2023-08-07,369.15655517578125,369.2549530766585,365.53574062735606,367.86762374671235,37230400,0.00843107823130888
2023-08-08,366.0178527832031,366.6672428994244,362.8889976997199,366.64757532989904,44726500,-0.008538712525099442
2023-08-09,361.9936218261719,366.4606222337156,361.23601504991956,366.3031915996586,51150900,-0.011055517902105584
2023-08-10,362.66265869140625,368.3398598555968,361.137596428398,365.0043904450485,72035300,0.0018464948785070659
2023-08-11,360.3504333496094,362.08214015021474,358.8253711287267,360.1044536348334,48707200,-0.006396103334871485
2023-08-14,364.3943786621094,364.51244412842345,358.83524275979033,359.553484355475,42130800,0.011159755033346895
2023-08-15,360.527587890625,364.21728388168873,359.8585001971934,363.42028192294197,45539900,-0.010668258443460418
2023-08-16,356.71002197265625,361.52137052909745,356.611624061966,359.98645920817404,53190500,-0.01064529220627574
2023-08-17,352.8136291503906,358.4514953081847,352.4004000236627,358.1071176846967,62604300,-0.010983233567956031
2023-08-18,352.3709411621094,353.63035636998836,349.00592473263663,349.54709823695447,61191400,-0.0012555239154972836
2023-08-21,358.048095703125,358.72700217281374,353.3744807454022,353.83692384755506,50696500,0.015982892066977058
2023-08-22,357.5364685058594,360.6653235223592,356.84771323850873,360.6554747243955,44530200,-0.0014299561785863244
2023-08-23,363.1742858886719,364.26645146695137,358.5006711764388,358.7171345326046,51770600,0.01564547871810187
2023-08-24,355.41119384765625,366.7459290080147,355.20457928175483,366.6475611373719,66842500,-0.021607433755328514
2023-08-25,358.1661682128906,359.85851002139935,352.8136466802501,356.24754426125236,69960500,0.007721624031611095
2023-08-28,360.8620910644531,361.7967959662991,358.39244511479126,361.08837318531505,40910000,0.007498830400511558
2023-08-29,368.7432861328125,369.0975125611246,360.3406401002619,360.66532013496044,58492400,0.021604834257909312
2023-08-30,370.7996826171875,371.38022122369233,367.8479257549835,368.8515423053,41731500,0.005561277359810476
2023-08-31,371.9115295410156,373.6137202039194,370.8095450761535,370.87842661191354,35730700,0.002994024423473232
2023-09-01,371.5179138183594,374.7058012739097,370.0321867508755,374.2827233761561,39801200,-0.0010589189410040235
2023-09-05,371.990234375,373.21028423077263,369.78623556953715,370.7111217591785,32344200,0.0012705190153571148
2023-09-06,368.7137451171875,371.5572850441712,366.7065722559504,371.21290743675223,42998700,-0.008847017754262736
2023-09-07,366.0769348144531,366.8542393043202,363.21372665470983,364.2566784896479,52060700,-0.007177068771606293
2023-09-08,366.5885314941406,368.82204686376593,365.6243100816136,366.0277204788888,35800100,0.0013965357625298448
2023-09-11,370.9079284667969,371.4195555120843,367.65115913843493,369.618997042065,39936600,0.01171380907421065
2023-09-12,366.7951354980469,370.88824172927764,366.50979060925704,369.2352351552727,41391000,-0.011150382265923145
2023-09-13,368.19232177734375,369.79611455684034,365.8998037117071,367.031304560014,46300700,0.003801936886028002
2023-09-14,371.2030944824219,372.18701344044155,367.8774736268473,369.94367941722965,48039400,0.008143922126801886
2023-09-15,364.8469543457031,370.2683569363539,363.91221940703196,369.8649465958127,69811200,-0.01727137481835365
2023-09-18,365.2273254394531,366.3407681012067,363.6212111624308,363.9069691189676,36903500,0.001042006652469621
2023-09-19,364.44891357421875,365.24703922410754,361.4239024926307,363.9069867992095,37621700,-0.0021335823174820257
2023-09-20,359.1969909667969,365.86775309327976,359.1181466774896,365.51304400225433,45514200,-0.014515427471124281
2023-09-21,352.6148986816406,356.3001026510691,352.44740717910935,355.5118100588146,69734800,-0.01849443650400891
2023-09-22,352.6642150878906,356.49718479026586,352.3488980230887,354.359006723338,51589700,0.00013984933161236758
2023-09-25,354.3393249511719,354.42803231885824,350.7132684630941,351.6986118611779,39168000,0.004738626903279488
2023-09-26,349.01837158203125,352.2995809495682,348.0330284804765,351.75762420154206,53657700,-0.015130437629478258
2023-09-27,349.8362731933594,351.74784148919474,346.21018720799054,350.171286287333,56066000,0.0023406927059072555
2023-09-28,352.7627868652344,354.8911321368754,348.0626797806673,348.9199236948783,56453300,0.008330585003302922
2023-09-29,353.0188903808594,357.6303193180829,351.7872114054841,356.2409818254251,64829600,0.000725730165919853
2023-10-02,355.9651184082031,357.3642890085675,352.6740755034777,353.2849835180275,51625100,0.008311174723771238
2023-10-03,349.718017578125,355.7187539856784,348.1020403157793,353.52142785074375,60478500,-0.017705578352805534
2023-10-04,354.47723388671875,355.3246146472607,350.0924443998235,350.5555569297421,54786700,0.013516957862960668
2023-10-05,353.4327392578125,354.87133184681437,349.934783079885,354.46733754416096,45897400,-0.002950927170071963
2023-10-06,359.3547058105469,360.54696275822704,349.64906850019884,350.4373310951315,75049100,0.016616742776902012
2023-10-09,361.1874084472656,361.7293351903447,355.4921258364322,356.98983670606606,45304800,0.005087021431899301
2023-10-10,363.1876525878906,365.8382282460928,361.0199155536051,361.52242014626063,46968800,0.005522689369604002
2023-10-11,365.77911376953125,365.9663313882023,362.7935249958405,364.51787564233524,38215100,0.007109986951872839
2023-10-12,364.5080261230469,368.2621815500544,362.1136492104433,366.2816620389047,49587900,-0.0034810661741596395
2023-10-13,359.9261779785156,365.72000104859404,358.5269773449452,365.13865214466296,52469900,-0.012649621496803877
2023-10-16,363.99560546875,365.04992982373216,361.09869429111416,361.24648974501685,44201100,0.011242845424364151
2023-10-17,362.8034362792969,364.49822805710056,358.3299690163222,360.44845122100355,50999100,-0.0032806049270492177
2023-10-18,358.0442199707031,362.5176873454726,356.71400039070437,360.31052779188826,54280500,-0.013204691504727868
2023-10-19,354.6939697265625,360.65528366885866,353.8958441923453,359.4630268944566,72274200,-0.00940113766180603
2023-10-20,349.4027404785156,354.76301044050285,349.17610069402633,354.1914944866745,72559700,-0.015030119528615375
2023-10-23,350.45703125,353.99440975051044,345.9737016212811,348.08235051550486,60665200,0.003012865181248611
2023-10-24,353.8663024902344,354.63486897096254,350.57525986402453,352.27005134335946,47082100,0.009681058979889943
2023-10-25,345.2052001953125,351.6493543958834,344.6238512027196,351.4719998022708,71190500,-0.024780141821980246
2023-10-26,338.6231384277344,344.9391936400566,337.3323408955903,344.00310532119056,78621400,-0.019251220447484563
2023-10-27,340.24884033203125,343.72710044474474,339.0368574336132,341.3524198475242,63476700,0.004789430298425141
2023-10-30,344.0819091796875,345.4022656576874,341.37221497245145,342.73196353376414,55298500,0.011202503866941728
2023-10-31,345.7273864746094,346.1018217264424,341.5396775996275,344.1114391570496,47671900,0.0047708270280418475
2023-11-01,351.72808837890625,352.28974120081546,346.4663594769629,346.5648998076941,58992700,0.017207836749634352
2023-11-02,358.11322021484375,358.3496930166125,355.019227396992,356.2410737034859,58162400,0.017990793096843184
2023-11-03,362.3205261230469,363.61132326122464,359.1772790267946,359.40391877963543,53280500,0.011680057356692135
2023-11-06,363.798583984375,364.3602368708374,361.53230646852074,363.08913561997264,38848700,0.004071122443142543
2023-11-07,367.2374572753906,368.10453411405916,363.640930200235,364.84305022033044,50777400,0.009408287589465646
2023-11-08,367.473876953125,368.3114246451074,365.18787362709605,367.611809357646,35663400,0.0006435716311432824
2023-11-09,364.64593505859375,369.3065887638403,364.1532634993729,368.16361720829923,53859400,-0.007725391152678951
2023-11-10,372.8440246582031,372.9918201228677,365.8382189302241,366.3703126733044,58309800,0.02223332588051953
2023-11-13,371.6813049316406,372.7356293863506,369.74017759934657,371.26747762156936,40733500,-0.0031233878166390013
2023-11-14,379.6822814941406,380.59867352227815,377.56379963116063,378.08603032361884,67792600,0.021298021744732547
2023-11-15,379.9680480957031,382.066833967817,378.6082696393877,381.5741623572847,54141400,0.0007523635649488734
2023-11-16,380.293212890625,380.52968563166974,377.93822825333365,379.1994663227181,45343500,0.000855402823832717
2023-11-17,380.3819274902344,381.3968298638466,378.65757675359185,379.56407573006413,46571900,0.00023325226578892733
2023-11-20,385.01300048828125,385.6731936771707,380.3917383769215,380.3917383769215,44429600,0.012101280903581285
2023-11-21,382.77630615234375,383.52517666953037,381.0322593676381,383.3083999445706,43337000,-0.005826339710302946
2023-11-22,384.343017578125,387.30891062919636,383.3379782050416,384.8455522998127,44121000,0.004084667288731798
2023-11-24,383.80108642578125,384.53023086052497,382.80588004949124,383.9390188541122,15718800,-0.001411014520407472
2023-11-27,383.4660339355469,385.4169942650287,382.58906403651775,383.30837541200384,34139700,-0.0008733660094123803
2023-11-28,384.4710998535156,385.05244878485433,382.3624507839871,382.71719000412895,35491100,0.002617574922772641
2023-11-29,384.0965881347656,388.3631405607952,383.7517120386453,386.9343810498472,38811700,-0.0009745706311762845
2023-11-30,383.1310119628906,384.82580359682476,380.16514915622366,384.3626910552762,52834400,-0.0025170540828848642
2023-12-01,384.22479248046875,384.8160045109527,380.41151848577204,382.0668881148927,40490100,0.0028507799172234273
2023-12-04,380.6578369140625,380.93373183962944,377.0514767703932,380.43119712616084,51186900,-0.009326872612630767
2023-12-05,381.61358642578125,382.8058433095871,378.5787124502714,378.7560970843749,42933000,0.0025076369998582393
2023-12-06,379.4064025878906,384.64843584230624,379.061556510073,384.5498955042343,41994100,-0.00580060986182796
2023-12-07,384.7075500488281,385.53523475354353,381.2884078381228,382.3821544599071,49593500,0.013875502455293225
2023-12-08,386.422119140625,386.8655056109294,382.7861997326639,382.97341737689004,46687500,0.004446909477794293
2023-12-11,389.7229309082031,389.9889928166888,385.7914211700645,385.998334821996,41198000,0.008505708224733143
2023-12-12,392.8268127441406,392.9450491247109,388.629240812153,389.76237955300553,39221200,0.007932781623453282
2023-12-13,397.8224182128906,398.43332613077246,392.99424298061746,393.7628094047729,55408100,0.012636885618446732
2023-12-14,397.47760009765625,400.34492229164994,394.47228535433857,399.04429214654004,55447800,-0.0008671397683945717
2023-12-15,399.39898681640625,400.58141061861124,397.654940274926,398.2559851596845,62896600,0.0048223036633928745
2023-12-18,401.9147033691406,402.8131603407083,399.4661904298243,399.7919899279148,46610000,0.006279001217371029
2023-12-19,403.96832275390625,404.0867952971535,402.1812915891065,402.36888315936517,35711900,0.005096580430279568
2023-12-20,397.9654541015625,405.2616995946524,397.78774528609546,403.16860430932405,54042400,-0.014971263084600816
2023-12-21,402.595947265625,402.96127778271716,399.3378317905533,401.8949646280869,45568900,0.011568243973298614
2023-12-22,403.1982421875,404.76806372836126,401.3223565171198,403.810370446538,34314000,0.0014949103429227437
2023-12-26,405.66650390625,406.33786841215897,403.95844437499267,404.0571815388857,22722500,0.006103046008567052
2023-12-27,406.4923095703125,406.77878889770113,405.08957679300846,405.94901477517436,31980500,0.002033607060482953
2023-12-28,406.2947082519531,407.8950191252155,405.9391037109151,407.64806147854006,27029200,-0.0004862314921857064
2023-12-29,404.5364074707031,406.6306338260502,402.62001354809854,406.2749991067649,42662100,-0.0043370401142199515
2024-01-02,397.6907043457031,401.1481113301572,395.3692964840447,400.9011536884105,58026900,-0.017067160149362475
2024-01-03,393.48260498046875,396.1201263177863,393.0479871898376,395.06314019202443,47002800,-0.010637717421186512
2024-01-04,391.45758056640625,394.7272980387974,391.24025658880606,391.61563710886116,39432800,-0.005159702468935756
2024-01-05,391.9217834472656,394.6975849712644,390.52893870896423,391.6254463311151,44922800,0.0011851293422214314
2024-01-08,400.0220031738281,400.3084523351511,392.9985121136099,393.14668067053503,42473800,0.02045726567065263
2024-01-09,400.8122863769531,401.74084959997214,396.82144210862884,397.01902029717724,39132900,0.001973650404256706
2024-01-10,403.5288391113281,404.5364155681049,400.2393761596448,401.12841775635377,33962800,0.006754753616910772
2024-01-11,404.3684997558594,406.1959925651025,399.32066924425925,404.8031476719886,54536200,0.0020786327828145866
2024-01-12,404.5758972167969,406.24533333874797,403.1830524563775,405.4056713013919,39595000,0.0005127607441444943
2024-01-16,404.5364074707031,406.11694258110475,401.879140541304,403.3411407940105,43903000,-9.761252151601067e-05
2024-01-17,402.2545166015625,402.62989707760573,398.0167447545256,401.22719441535935,54386000,-0.005656724402358238
2024-01-18,407.96417236328125,408.54698883190395,404.1807942207987,405.5242294407698,59562500,0.014094343559370138
2024-01-19,416.0545654296875,416.21262197383425,409.58428580538646,410.1671023546881,70325100,0.019637060844631085
2024-01-22,416.59783935546875,419.5613313657799,415.9952469706817,418.2573876461551,44880600,0.0013049238788019136
2024-01-23,418.3265686035156,418.543892570073,415.4519775602251,417.28932824877285,33003800,0.004141049661413951
2024-01-24,420.64788818359375,424.6189864613101,420.15397288705765,422.23831111446253,46948000,0.005533721521390956
2024-01-25,421.1615905761719,423.8188573538376,418.820436831776,423.14710962158966,44367200,0.001220472017256285
2024-01-26,418.65252685546875,421.02331450792843,418.0005549754572,419.274865020307,37137000,-0.005975301281479016
2024-01-29,422.9396667480469,423.137244927174,418.4549073684011,419.1068791840833,38694700,0.010188252716778633
2024-01-30,420.1243591308594,422.47540087743624,419.2155718239364,421.90247237056735,36739000,-0.006678776452892107
2024-01-31,411.895751953125,417.7239468242111,411.7179496692199,415.72853974147705,64010600,-0.01978047252695612
2024-02-01,416.7460021972656,417.23991752552706,412.7255241901297,413.69360908615386,51008600,0.011706640684651722
2024-02-02,423.78924560546875,425.0042580366374,417.6449376290023,418.64262610680913,59602400,0.016759340627420984
2024-02-05,423.2360534667969,424.38191049056013,419.8280256705213,423.8485036455597,39889200,-0.0013061999870147437
2024-02-06,422.38653564453125,424.98453527196295,420.04538165211596,424.38194285431695,35846100,-0.0020092133748365925
2024-02-07,426.73297119140625,427.56274535553325,423.8682682124962,425.1722119616388,37712700,0.01023760135943028
2024-02-08,427.5232238769531,428.28384260422365,426.16990074649345,426.85147614203305,29889900,0.001850154357751863
2024-02-09,431.73138427734375,432.52166690474706,427.86899286829663,428.65924534950017,36943900,0.009794987435080067
2024-02-12,430.04217529296875,433.7959497087528,429.3605697585453,431.62271030244636,33203300,-0.003920313240176059
2024-02-13,423.3348693847656,426.0217703164932,420.1540530622514,422.0803351448006,64491700,-0.015719766708652508
2024-02-14,427.9480285644531,428.3727885417839,423.6608468287441,426.0118887813397,45092700,0.010838240375128006
2024-02-15,429.2223205566406,429.6866021844067,426.0809960674444,428.6395040700747,38796100,0.002973254808098077
2024-02-16,425.33026123046875,429.6964559347723,424.6190219381849,429.59769698417165,53716500,-0.00910906203095739
2024-02-20,422.119873046875,424.846265609425,418.34635208109,423.33488566135566,53999500,-0.0075766193465865
2024-02-21,420.43060302734375,420.51953431757676,416.49905619784107,419.3835049137998,49779000,-0.004009901675983985
2024-02-22,432.7389831542969,433.7761932856845,428.43202581368143,429.2025325203063,53887800,0.02885530459652562
2024-02-23,431.46466064453125,435.228292926846,430.486717969249,434.29972972450184,39853900,-0.0029491276564554024
2024-02-26,431.23748779296875,433.26255885215994,431.04979754489244,432.27472813436947,33043200,-0.0005266542044081935
2024-02-27,432.2746887207031,432.65992698949185,429.7359567723681,432.3438440997313,33713200,0.00240228558380514
2024-02-28,429.9730529785156,431.3560400595294,429.0148560047162,430.1311095062372,32938800,-0.005338700462965272
2024-02-29,433.65765380859375,434.7343855957227,429.7260769829366,432.897035063429,42495200,0.008532867479946641
2024-03-01,440.18719482421875,441.1453917460865,434.48742291248533,434.54669033889377,43853000,0.014944672507460672
2024-03-04,438.6165466308594,440.6119838022622,438.36958897271137,440.18719371913676,34325700,-0.003574517930771312
2024-03-05,430.74359130859375,435.5839861548268,428.37280351125247,435.57409820043125,57917100,-0.018112563974901692
2024-03-06,433.45025634765625,436.61129660971875,431.5733839817126,434.9616361652984,46234500,0.0062640434129335
2024-03-07,440.0292053222656,441.2837394812956,435.4950357987029,437.03607945304515,44526700,0.015064059715194686
2024-03-08,433.6773986816406,443.18035480422833,433.0056810784902,440.38477719851295,72096000,-0.014540163751636873
2024-03-11,432.0672302246094,433.3217642038406,430.1409485424055,432.1857650703702,45860000,-0.0037197350346760325
2024-03-12,438.260986328125,438.6165909215912,431.14859299678636,434.3788187851117,55300900,0.014233390463831054
2024-03-13,434.8924865722656,437.2830502454642,433.7762330042358,437.2632743369456,37928700,-0.007715748884328312
2024-03-14,433.7960205078125,436.65083576827374,431.07948587966774,436.1272866639703,52195200,-0.0025244184487371486
2024-03-15,428.6395568847656,433.5293012899479,427.4738936218068,430.7633870898168,73069800,-0.011958052760789468
2024-03-18,432.7276306152344,436.2489556354407,432.4902172279187,433.96405176519625,47323800,0.009492129453144725
2024-03-19,433.8057556152344,434.2113053461235,428.6226579939233,430.71965347253405,43004100,0.0024883647264851037
2024-03-20,438.94927978515625,439.28558271537105,433.30131642838063,435.0026331369198,43653500,0.011787004398235996
2024-03-21,441.0264892578125,444.45879569880725,440.82867997846824,444.0038011516447,39345700,0.004721069383695059
2024-03-22,441.5308837890625,442.62881113326995,439.66140077241624,440.5120741059451,28253900,0.0011430295674157295
2024-03-25,439.92852783203125,441.4122331500876,437.73264275386543,438.7316504748345,27789200,-0.0036356925819507726
2024-03-26,438.504150390625,442.37167905062427,438.27663805083887,441.4517588496184,34142000,-0.0032430002322822015
2024-03-27,439.99774169921875,441.68918748510794,437.12925080626644,441.5902677606485,41359200,0.0034003176569957637
2024-03-28,439.18670654296875,440.7990046001888,438.83060154444735,439.94833112698956,36839600,-0.0018449720941490788
2024-04-01,440.11651611328125,442.66847626757436,438.2074587797039,440.1362879861129,38729000,0.0021148789016556097
2024-04-02,436.3181457519531,436.63467679175466,433.2716175055322,435.2993359937669,44259700,-0.008667831860033288
2024-04-03,437.29742431640625,439.17677836679945,434.18164915574613,434.19151999810595,39949800,0.0022418990873526727
2024-04-04,430.6108703613281,442.0947658921196,430.38335799892496,441.48147563512805,57267700,-0.015408739135641211
2024-04-05,435.68511962890625,438.35580126025417,431.22410267243185,432.03520215289296,54744600,0.011714950452505698
2024-04-08,435.813720703125,437.6930747609312,434.42893509137633,436.6149191708532,28144900,0.0002951262106169759
2024-04-09,437.426025390625,438.42503314049435,432.6880511524698,438.1480760138876,39443600,0.0036927007201233183
2024-04-10,433.6079406738281,434.46848495231853,431.54064816251855,432.2528279423145,61502200,-0.008766843359891939
2024-04-11,440.5318908691406,441.4814538292868,433.20238290855747,435.4774158620286,45474600,0.015842076414553565
2024-04-12,433.5090637207031,437.43593883261815,432.13417898239015,436.30833834521655,53665000,-0.016070135495513706
2024-04-15,426.3773498535156,437.3468744561604,425.5365774509986,437.2578557574557,63453600,-0.0165879522786913
2024-04-16,426.4169006347656,429.0480082692235,425.03211508664594,426.2190611910081,47619000,9.27557409203224e-05
2024-04-17,421.21405029296875,428.4149656563119,420.2842591999878,428.3951937854625,56880500,-0.012276370227124132
2024-04-18,418.8104553222656,423.5879732317038,418.236739020357,421.8569836696365,46549400,-0.0057226938364021524
2024-04-19,410.1456298828125,418.1576452072608,408.58280678519526,417.63340383171146,75231000,-0.020906152169912026
2024-04-22,414.27032470703125,416.6046733073807,409.44333179355846,412.77671832487005,47807700,0.010006427502656129
2024-04-23,420.4524230957031,421.6492702748659,414.3197623321765,416.1991163771081,44384700,0.014812610392647732
2024-04-24,421.87677001953125,425.06179190259485,419.5918662975575,423.5484137206893,48440300,0.003381927856811455
2024-04-25,419.8392028808594,420.69974722296223,413.5977509572157,414.68577748544476,57392200,-0.004841469531979348
2024-04-26,426.3179626464844,427.851112618701,422.2822977668712,422.97467541823426,41874900,0.015313671359059366
2024-04-29,428.0489807128906,429.04801861164475,425.30908244856215,428.42485755345405,30022200,0.004052170904978659
2024-04-30,419.9776306152344,427.86105287563,419.89851294550385,426.4663662313873,43665900,-0.019036180532795006
2024-05-01,416.94097900390625,425.4673645155584,416.09033575149846,418.5532769953046,52251700,-0.007256774798532313
2024-05-02,422.2625427246094,423.16266093905045,416.0606651382385,420.67991762434,36559000,0.012682585124942466
2024-05-03,430.7493591308594,431.738496056238,427.9204118275236,429.72064827636785,48515300,0.01989912786306055
2024-05-06,435.46746826171875,435.5564869497689,431.7779771979943,432.54950268048754,30227200,0.010893706150343439
2024-05-07,435.5367431640625,437.1688129223332,434.80476137168813,435.9126199952162,30996100,0.0001590690414146736
2024-05-08,435.279541015625,436.68412856388983,432.79679796970544,432.91551974287444,24896700,-0.0005907150809860613
2024-05-09,436.2290954589844,436.80281170032566,433.69690769611196,435.546588660251,24580100,0.0021791059304869117
2024-05-10,437.25787353515625,439.48343165144723,435.7148223227463,437.73267013361465,27116600,0.002355567028217037
2024-05-13,438.2667541503906,439.26579205563456,436.85229566102873,439.16687233072867,22994200,0.0023046320568793736
2024-05-14,441.0857849121094,441.6199272591331,437.65347886134185,437.8414172762935,34478300,0.0064116274048728345
2024-05-15,447.9801025390625,448.22738676768705,442.04528105207277,443.5586593238126,41464700,0.015509437313541376
2024-05-16,447.0701599121094,449.7507127766892,446.9019933373121,447.7922106156009,34780400,-0.0020332778585037212
2024-05-17,446.8525085449219,447.80207154432486,444.65662335588394,447.1986823210974,35803700,-0.0004869579420423412
2024-05-20,449.96826171875,450.6309665241783,446.88215948281277,447.07009790490423,24474200,0.006948469110351038
2024-05-21,450.84857177734375,451.03651019690585,447.92073510394465,448.11857455171366,23167700,0.001954471333325866
2024-05-22,450.7595520019531,451.85750961813636,448.15811721893635,451.1057559416888,25120000,-0.00019746888549923572
2024-05-23,448.7318115234375,455.5766213852706,446.9414763015437,455.546948488236,40899200,-0.004508645654006401
2024-05-24,452.9752502441406,454.24134425420493,448.6428258419646,450.34414249793184,29669500,0.009412081210854751
2024-05-28,454.6864318847656,454.7457776824367,451.7289222852623,454.19186344679855,26216800,0.003770531909908732
2024-05-29,451.4816589355469,453.26209332010234,450.3936022845126,450.5320959428548,29739200,-0.007073271158445005
2024-05-30,446.6447448730469,450.69034126496246,445.31930507978444,450.5518476128299,30536800,-0.01077122508927299
2024-05-31,445.81390380859375,447.5646955194597,438.24701222029506,446.8722875838762,55941300,-0.0018619155200199728
2024-06-03,448.2075500488281,450.6309170270936,443.0343538674876,449.6319094145116,32997500,0.005354797582301768
2024-06-04,449.4341125488281,450.63095970345694,446.22931876556424,447.9504072512339,23767400,0.0027328572513738644
2024-06-05,458.49462890625,458.5737465768754,449.47370515181433,453.004931151471,33817400,0.01995931339404423
2024-06-06,458.3363342285156,459.4936376169888,457.16915999813136,459.17710658249314,21966800,-0.00034530831892076773
2024-06-07,457.9307556152344,460.68055465858515,456.8229272504397,457.97032953856535,25829700,-0.0008852847477890992
2024-06-10,459.780517578125,460.13662257873057,456.5163777005726,456.8032358696626,20660800,0.004031255846944363
2024-06-11,462.93585205078125,463.0545738378896,457.0109315387959,458.5045379527608,22053300,0.0068392560831188895
2024-06-12,468.999267578125,471.3237453921932,466.17035045815595,466.862728194943,34532600,0.01301271077687665
2024-06-13,471.54132080078125,473.1931926237643,469.26631811797995,472.530457651749,25859000,0.005405528360830174
2024-06-14,473.9845275878906,474.0537744176001,470.8786231404357,471.3435187046706,23372600,0.0051679438038881465
2024-06-17,479.7907409667969,481.5711753074278,472.94593054199913,474.25156830496593,37054500,0.012175373583511591
2024-06-18,479.9391174316406,480.6216243226489,478.17845491806946,479.74130815889504,24438600,0.00030920464696910355
2024-06-20,476.23974609375,481.55140643530837,474.4098367852232,481.13598584006996,33918700,-0.007737861475833479
2024-06-21,474.9637451171875,477.2981238769037,473.4701689381695,475.96278303672466,37456800,-0.00268292064473523
2024-06-24,469.55645751953125,475.47099181592733,469.41777397286,473.73725096126896,37751000,-0.011449933325909949
2024-06-25,474.9261169433594,475.2233175695722,470.70568664689,471.64687235329933,29014700,0.011370706932723275
2024-06-26,475.9068908691406,476.45179897488026,473.6877123216575,474.10379318229053,22737100,0.002062979020629207
2024-06-27,477.1353759765625,478.611553035427,474.84684046619515,475.65922915173917,26222100,0.0025780300214558413
2024-06-28,474.65863037109375,482.6734937308387,474.0146754920727,477.92798859650065,34881600,-0.00520438493896393
2024-07-01,477.4425048828125,478.00718604712443,471.83508819375936,475.5799670851858,24898300,0.005847871286188659
2024-07-02,482.45550537109375,482.51494549553286,475.8177426243462,475.94653963864454,26723600,0.010444955630628923
2024-07-03,486.477783203125,486.6065802178196,481.7025582982194,481.7025582982194,18064900,0.008302534312251069
2024-07-05,491.5502014160156,491.9861158127836,487.02265384242645,487.31988469515403,28495900,0.01037283957818999
2024-07-08,492.7192687988281,493.27406348582525,490.89636765097424,491.91679683249146,22109400,0.002375503798391694
2024-07-09,493.145263671875,495.35455587533437,491.6294799402582,494.2350497416093,25614500,0.0008642057514579369
2024-07-10,498.2870178222656,498.84181247432565,493.7595004189231,495.0672133936126,28046900,0.010372468892903792
2024-07-11,487.3594665527344,498.6040196443068,486.170633904284,498.3959792217848,49966600,-0.022174276871465986
2024-07-12,490.22265625,494.97804756604864,487.4684863179307,487.934120777822,37109400,0.005857713265168808
2024-07-15,491.5403137207031,496.3551756664707,489.49945539424647,491.9960314409882,31151400,0.002684269629601381
2024-07-16,491.7285461425781,493.80904127855604,488.56818172649724,492.9966525685197,25950600,0.0003828707118836629
2024-07-17,477.29388427734375,484.2585676332021,477.224557622275,483.74340981561966,56268800,-0.029794417980860743
2024-07-18,475.0350646972656,481.19727609369016,471.8449804007106,481.0189557238677,49347400,-0.004743789041508603
2024-07-19,470.8245849609375,477.2146707760449,469.53667521921534,474.69826118608114,42042900,-0.008903028159417932
2024-07-22,477.8387451171875,478.8591741201267,473.2715611637346,476.6895191140848,40300000,0.014787728697776933
2024-07-23,476.1545715332031,479.92917053758373,475.67905054621997,476.9372401363334,23282500,-0.0035307906339234613
2024-07-24,459.07476806640625,469.7843305630981,458.2128560235188,469.4177730491382,58818600,-0.036529441444059306
2024-07-25,454.01220703125,463.59237645887646,451.3967509671105,459.4115832282099,59256800,-0.01108900477181042
2024-07-26,458.6685485839844,461.60103876896824,455.4982676790012,458.35151444667815,39992100,0.010203747420259502
2024-07-29,459.5899353027344,463.56268838097253,457.3311198139349,461.383116315446,28218500,0.0020068140815325507
2024-07-30,453.27911376953125,462.2252153474391,449.93051231846664,461.5218203822993,41317200,-0.013826565985576376
2024-07-31,466.69329833984375,468.3973190381643,462.07659074748636,463.52301742956,44552100,0.029164212247899182
2024-08-01,455.38934326171875,471.1316949567563,451.74354107209894,467.3769292797384,56653900,-0.02451954065284666
2024-08-02,444.5807189941406,449.35594422368536,440.3404851566056,446.7008510299297,66323200,-0.024021119020165342
2024-08-05,431.3249816894531,438.1807014186111,419.51574708871345,420.76401989618296,87483500,-0.030269809688942544
2024-08-06,435.44635009765625,442.91630484411263,430.5225248808415,433.16773136287384,63164400,0.009509773378389664
2024-08-07,430.7305603027344,444.8283608872693,430.33428273182557,442.34167151120243,54929200,-0.010888852688184198
2024-08-08,443.906982421875,444.81841775754043,433.08842699644043,436.96210275811563,47890100,0.030132296928126488
2024-08-09,446.22528076171875,447.8599446984154,441.46985903291545,442.5893651317929,33574000,0.005208896874133295
2024-08-12,447.18621826171875,450.14842839749286,444.38249495467545,447.1961350262788,27795000,0.0021511652169528186
2024-08-13,458.28216552734375,458.54967631273865,451.4462793308009,451.58499310604867,40084500,0.024509972825561544
2024-08-14,458.4308166503906,460.78867882910635,454.1410294667669,459.203568511929,34733700,0.00032431333959433167
2024-08-15,470.01220703125,470.4084846096922,464.02831582443696,464.4047901058715,38280600,0.024949277083097705
2024-08-16,470.61651611328125,471.9836994318874,467.267914706038,468.22890368838864,38383600,0.0012849047670007042
2024-08-19,476.7984924316406,476.8381292557489,468.97189765937463,470.755191935789,23737700,0.013050382359007379
2024-08-20,475.7979431152344,478.4530361414534,474.1038088531109,475.8871033026028,29209300,-0.002100679043107129
2024-08-21,478.0171203613281,479.86974146186225,474.86667281387304,476.58058013398335,25658800,0.004653273648910036
2024-08-22,470.4382019042969,481.0288841455253,469.4078560191765,480.33537571180096,37739600,-0.015981943687370423
2024-08-23,475.5403137207031,478.25484666996635,470.864166093088,474.78736521575286,36061500,0.010787055320502946
2024-08-26,470.92364501953125,475.91682719058724,468.8431499287544,474.9954750129997,27452600,-0.009755691748988706
2024-08-27,472.3304138183594,473.4003661930295,467.3273154259764,469.2889300525828,27510000,0.00298280156583752
2024-08-28,466.970703125,472.5880063433666,463.5428583776521,471.86480810777596,37372400,-0.01141224846221865
2024-08-29,466.287109375,473.4895530413343,465.0090862780714,468.88276216101195,41081500,-0.0014649625496832106
2024-08-30,471.8450012207031,472.4691527766626,466.1385374963052,470.62644840577417,33466500,0.011848985466751576
2024-09-03,457.5193176269531,468.9322743417684,455.1416220906215,468.8035075692745,44985200,-0.030831436265020665
2024-09-04,456.3304443359375,460.13479338816336,453.4772278978257,454.4084967487091,32505100,-0.0026019024378237158
2024-09-05,456.7564697265625,461.03630947784416,453.68526588800313,454.70569491267526,34452400,0.0009331541499022397
2024-09-06,444.521240234375,456.9348232587385,444.0258857158704,456.05307770346093,50624400,-0.027152521490853565
2024-09-09,450.23760986328125,451.2283188768992,445.64073576179464,448.8506232910241,32981200,0.012777626961659546
2024-09-10,454.39862060546875,454.90389190042566,448.02836861259885,452.0010913798349,29680300,0.009199366434712895
2024-09-11,464.2660827636719,465.0091145713216,447.08719099889396,455.6370151696974,57843000,0.021483010333300936
2024-09-12,468.8233337402344,469.635722410282,462.51252198450715,464.29578616525714,40067800,0.009768168264567207
2024-09-13,470.92364501953125,472.1025912298367,467.86235762577684,468.0902315957997,29111800,0.004469958028867943
2024-09-16,468.8431396484375,469.4573744200276,465.524288528779,468.79361628971213,22585600,-0.0044277129262261785
2024-09-17,469.0908508300781,473.1626810286975,466.5942747357859,471.8648545022235,30084400,0.0005282060143136588
2024-09-18,467.0599060058594,474.3812306191074,466.45555772606247,470.28962738466885,39909200,-0.004338933650717652
2024-09-19,478.8691101074219,481.7124704668982,476.0257799819862,478.12607832269657,52782500,0.024969775681765966
2024-09-20,477.9576110839844,479.19599722698985,473.8560616660125,478.00713443608987,34577700,-0.0019052546902758967
2024-09-23,479.2245788574219,480.3158962480575,477.7959506872309,479.1352933813507,24843000,0.0026472881060153174
2024-09-24,481.5361633300781,482.4885720219182,476.3772551624619,480.6333475885268,25952600,0.004811997059428415
2024-09-25,481.98260498046875,483.9370455260504,480.7325477988355,480.91111874577587,26549900,0.0009266901632274951
2024-09-26,485.6037902832031,489.80038938586057,481.96276544725106,489.47297902508933,32020200,0.0074850209283959445
2024-09-27,482.9052734375,486.76456175281504,481.72467055232573,486.6256530479584,22851100,-0.005572531904750108
2024-09-30,484.2148742675781,484.55218506630086,479.10555878077656,481.9429538811356,30281100,0.0027082501251524753
2024-10-01,477.4685363769531,484.14538839099305,473.62910955506385,483.8477701398877,42735400,-0.014030497950528038
2024-10-02,478.1431884765625,480.05793653831387,473.9465894744548,476.5657209152366,23744000,0.0014119797699214689
2024-10-03,477.7860107421875,480.722621801194,475.2065415805555,475.9506174766113,25337200,-0.000747289132477171
2024-10-04,483.47076416015625,484.0263384101603,478.57971250941176,483.5997421604296,30686600,0.011827889988415666
2024-10-07,478.29205322265625,482.7267473414919,477.0717576974764,481.55607504831227,24975100,-0.010769310052744287
2024-10-08,485.4351501464844,486.11970246020155,480.0282162700938,480.83181589462646,28272000,0.014824169557344473
2024-10-09,489.2547302246094,489.83016591016013,484.0958218394654,485.1375160516646,24995000,0.007837569071546082
2024-10-10,488.6991271972656,490.56428230026705,485.6632999428998,486.97288079520195,25750400,-0.0011362562413439708
2024-10-11,489.46307373046875,490.48496711592765,486.29829849674525,486.86377321706453,20644500,0.001562004108940779
2024-10-14,493.5703430175781,494.88982428126036,491.34804603599724,491.8539970558773,26060100,0.008356365343422257
2024-10-15,486.972900390625,494.5624688319381,484.82002737514097,493.8977476785361,34784500,-0.013456912239374553
2024-10-16,487.03240966796875,487.8062474023501,483.718795252719,487.30026609568785,22996800,0.00012219497533168562
2024-10-17,487.3697204589844,492.5683211220585,487.31019680837863,492.5187281720624,27210700,0.0006923441442918986
2024-10-18,490.5643005371094,491.6556179545978,489.40352876657005,490.15753539620334,25335000,0.006533347593638768
2024-10-21,491.5068054199219,492.3104049952959,487.4292536147581,489.35393242594535,30336500,0.0019194234846317201
2024-10-22,492.0425109863281,493.5207623873369,488.0840368199485,488.8380434331737,26685800,0.001089331486371974
2024-10-23,484.50250244140625,490.3459927399207,481.218650061365,489.6912023486025,39346600,-0.015442520888190621
2024-10-24,488.4312744140625,489.1058959697234,485.5740180882913,488.2229113611023,22024900,0.008076178298035643
2024-10-25,491.40765380859375,496.3284680858478,490.5246690638292,491.22908282983155,38762100,0.006075260868584853
2024-10-28,491.4869384765625,494.58228943962433,491.189320221086,494.52276578852906,20477800,0.00016132893346446309
2024-10-29,496.2093505859375,497.38995346166206,489.94919430030234,491.8044187402905,28014100,0.009562551054070546
2024-10-30,492.459228515625,496.39787173074626,491.9731085864843,495.4454629981242,29756000,-0.007586243023930362
2024-10-31,480.0281982421875,488.5404136876197,479.92898206139125,488.4908207354854,41245200,-0.025566823931121415
2024-11-01,483.5798645019531,486.8736476423335,481.36749827680495,481.66511651625655,33655800,0.007371632680307763
2024-11-04,482.1711120605469,485.5144882475446,480.42500426672166,482.9747116073583,23291600,-0.0029174258681507388
2024-11-05,488.3221435546875,488.986864708101,483.66918631037436,483.7584717889176,24353600,0.012676262971554478
2024-11-06,501.5865173339844,502.40997829462293,495.65377146447037,496.60618015035925,43082200,0.02680079134120229
2024-11-07,509.4836120605469,510.26741073728783,504.3247041524069,504.3842278003702,32853100,0.015621577757559011
2024-11-08,510.0789794921875,510.8527870225075,508.36260305843524,508.9876317248382,22924500,0.0011678880811142101
2024-11-11,509.7813415527344,511.5075880683992,506.8843925321375,511.2992250032805,24167500,-0.0005836837491595016
2024-11-12,508.858642578125,510.59481982391384,505.80298394720904,509.711895702093,25835300,-0.0018116297049834674
2024-11-13,508.2038879394531,510.91230509556345,505.9220670734697,508.35272735480186,24567400,-0.001287540754826401
2024-11-14,504.6719970703125,508.739588052962,503.75925058094214,507.8665643683169,28679500,-0.006974013768931147
2024-11-15,492.647705078125,499.35428866917067,490.58411760662926,498.9673849410941,51461100,-0.024114383063451532
2024-11-18,496.0704345703125,498.1737145612043,492.8064433987384,494.1953790330812,27080800,0.006923597388663949
2024-11-19,499.4832763671875,499.96942655752554,493.1536656807539,493.49100674201975,24523000,0.006856194956516406
2024-11-20,499.1955871582031,499.5031361161102,492.6377823112046,499.1856564574556,29565500,-0.0005761395929151608
2024-11-21,500.9913024902344,502.95564359753246,493.6298978588017,502.24132948309835,34526700,0.0035907634464106748
2024-11-22,501.79486083984375,502.52900601947925,498.80862662020473,500.43568707688615,23826600,0.0016026517935495445
2024-11-25,502.58856201171875,507.41018976726633,500.2769794512125,505.87241468402135,26375200,0.0015804747848927202
2024-11-26,505.28704833984375,506.11050927210346,503.22349121211295,504.0667529918503,26557100,0.005354813130598666
2024-11-27,501.3087463378906,504.2255264165309,497.96536999082,504.1561023396317,24957400,-0.007904508914257462
2024-11-29,505.71368408203125,506.3089508903919,501.31868278834094,501.9337807222535,15334000,0.008748495973476147
2024-12-02,511.21978759765625,512.18215721545,506.58669211119974,506.97362609834516,25147200,0.010828943043815528
2024-12-03,512.7872924804688,513.0651098548883,509.3149386184986,509.89037421333506,18597900,0.0030615141977876166
2024-12-04,519.1268920898438,519.3848480945504,515.4957677287545,516.2101120920232,26086200,0.01228722206650958
2024-12-05,517.6883544921875,519.9007209183162,517.3014204692249,519.1765063776851,18169600,-0.0027749177599003224
2024-12-06,522.3214111328125,522.5595057281002,518.2240284052577,518.3530064032137,23762600,0.008909699586388735
2024-12-09,518.2538452148438,522.1924580312864,517.102973878682,521.3987891581372,20674400,-0.007817957635952479
2024-12-10,516.4879150390625,521.2301883413037,515.0592867380795,519.4840803564292,24350000,-0.003413280410839119
2024-12-11,525.7342529296875,526.4188051823884,520.4463971119644,520.8531319621538,32168600,0.017743972011343378
2024-12-12,522.34130859375,524.7818994700399,521.8651193703002,523.511980803434,23577500,-0.006474640404660722
2024-12-13,526.3394775390625,528.958578680959,523.1349494940644,526.2700231888497,28780400,0.007625177023170128
2024-12-16,533.9191284179688,534.8914288475645,528.7899817598816,528.8693668170654,31979900,0.014297983459923712
2024-12-17,531.5677490234375,533.234471579217,529.9109571669914,532.1233232086973,28579100,-0.004413725333604061
2024-12-18,512.3905639648438,532.6393867756537,510.9421347229387,530.9230707876706,54703200,-0.03674350276362475
2024-12-19,510.108642578125,517.6387171158508,509.77136208940215,517.0732121815271,46441800,-0.004463426789026874
2024-12-20,514.5633544921875,520.6747338455414,505.2673982482217,506.40830895593047,60530000,0.008694957981287065
2024-12-23,519.576416015625,519.9540272324169,512.8788812504641,516.2773215508976,29672800,0.00969520935971409
2024-12-24,526.6218872070312,526.7112863468017,520.8882121206394,521.5241954175411,17558200,0.01346891441185489
2024-12-26,526.2640380859375,527.8937223215758,522.994783551006,524.9921323134935,19090500,-0.0006797491091413705
2024-12-27,519.2683715820312,523.1338828752066,514.5979649367405,522.6966520264838,33839600,-0.013382217212488542
2024-12-30,512.3621215820312,516.088500066774,508.60593328242436,512.2627757493814,34584000,-0.01338919936829139
2024-12-31,508.0097961425781,514.3992562583705,507.0459049159329,513.644094410772,29117000,-0.008530912619979228
2025-01-02,507.0160827636719,513.3857099460889,502.52453474139946,511.06042287109295,36389800,-0.0019580066223553916
2025-01-03,515.3134155273438,516.3766827391748,509.3015373778752,510.11631872085275,29059500,0.0162325648818462
2025-01-06,521.2359008789062,524.5946151120777,518.7417623146622,520.7192176012078,36109700,0.011427434676351959
2025-01-07,511.9348449707031,522.676749747613,510.0468495678178,522.2793057604914,36690300,-0.018005363048436883
2025-01-08,512.0243530273438,513.6639233488847,507.35394602071244,511.83554740418106,30777800,0.00017482738969219714
2025-01-10,503.9952697753906,508.3576018909527,500.74587805399426,508.25825603996395,40532500,-0.01580530575384589
2025-01-13,502.37548828125,502.83258226211484,496.5524148250259,498.04296636403393,31694200,-0.0032190579463868053
2025-01-14,501.89849853515625,506.94651670595886,498.4304916746537,505.5354479124467,33737200,-0.0009499196199901282
2025-01-15,513.4453125,514.5880322454942,508.2382987029594,509.79844685715614,34957600,0.02274561908933158
2025-01-16,509.84814453125,515.7904573182853,509.71895854451463,515.7109442532102,28229000,-0.007030598624764963
2025-01-17,518.4535522460938,520.768892568159,509.8779077274795,519.5565458046289,51837900,0.01673751708730998
2025-01-21,521.4943237304688,522.6569370321079,516.784190233401,521.1763321012501,23628000,0.0058479472297202975
2025-01-22,528.1619873046875,530.457434010863,525.9261602278661,526.2342050879784,33593000,0.012704640915971541
2025-01-23,529.2849731445312,529.4042124255304,525.1213630726537,525.7076127624492,23096600,0.002123957614922069
2025-01-24,526.2939453125,530.4277154132212,524.8232870176471,529.6626067696395,19878300,-0.005667100364969656
2025-01-27,510.97100830078125,514.7271665075501,506.936554378914,507.7812062861425,60771700,-0.029547034671500595
2025-01-28,518.5231323242188,519.7056389765987,508.5563122008364,511.9746158466005,33194200,0.014671787236648866
2025-01-29,517.5493774414062,519.2983011374322,513.6441392716389,519.169115138246,26649000,-0.0018797046738474627
2025-01-30,519.7552490234375,522.7860246698378,514.9457705817763,520.4111255886488,27431300,0.004253089884837093
2025-01-31,519.0000610351562,528.1719622881295,517.9070142215932,523.6009014071057,38755200,-0.0014540250509804881
2025-02-03,514.846435546875,517.5691667149378,507.8309085723365,510.2356481268789,40580800,-0.00803532797323964
2025-02-04,521.1663208007812,521.8023039804046,514.9656364261884,515.3631410761267,26046800,0.01220055179769497
2025-02-05,523.5313720703125,523.6903982021383,517.3406339590531,518.533087344952,21134100,0.0045277314691783595
2025-02-06,526.2640380859375,526.4727371352427,522.4283666892038,524.0381574961376,19434500,0.00520610427757198
2025-02-07,519.6261596679688,528.7483284429109,518.9007772767695,526.8007131129621,29605500,-0.012693431028096256
2025-02-10,525.916259765625,527.0192533310259,523.432007239571,523.8990176021349,20852800,0.012032368786790907
2025-02-11,524.6641845703125,526.5820202342347,522.5178170831823,522.6470030660466,19325500,-0.002383588605456578
2025-02-12,524.9722290039062,525.8566374548477,518.6622518801204,519.0100229717194,25009400,0.000586954565321692
2025-02-13,532.5243530273438,532.8422839525621,525.856597948036,526.6415998490472,28714800,0.014283265865419698
2025-02-14,534.76025390625,535.445910069072,532.2958340155867,532.6337190649526,17862600,0.004189892996402993
2025-02-18,535.9724731445312,536.5985095911096,532.6634320198589,536.3301909280925,20565000,0.002264280759471182
2025-02-19,536.1216430664062,537.4034956659445,533.0809200913482,535.177614880373,19666900,0.00027827766346636204
2025-02-20,533.845947265625,535.7041632085364,529.106034929491,535.3364987054381,26550800,-0.004253772269034279
2025-02-21,522.7662963867188,535.0087013272569,522.3986318284577,534.9888078968528,47093800,-0.020972796909071428
2025-02-24,516.5953369140625,525.7373982954535,516.2575125365582,524.5548916727963,39268400,-0.011874658035087245
2025-02-25,510.0866394042969,516.0488458111333,506.23107440915334,515.9693327435128,48940000,-0.012679261653578602
2025-02-26,511.3188171386719,516.3866683055141,508.14890831803217,512.2827387092531,34457600,0.002412711473604901
2025-02-27,497.1188049316406,515.8004025498751,496.90018949133594,514.866321152696,52448000,-0.028164262290514688
2025-02-28,504.96905517578125,505.5751982352111,493.7998352114138,496.9796905709141,47654000,0.015668108860031067
2025-03-03,493.9190368652344,509.8083050877629,490.4708934129811,508.29789058596987,44587200,-0.022125539747569995
2025-03-04,492.42852783203125,500.5669416036149,484.6677252997208,491.0671622880661,67875400,-0.0030222818428299603
2025-03-05,498.84783935546875,500.4576300932126,488.1655538058739,493.07443907980854,46323700,0.012951789171382573
2025-03-06,485.12481689453125,495.4394073029576,483.1374149905395,490.58022541687785,57574300,-0.027894905849968128
2025-03-07,488.6922302246094,490.172835031535,477.5031471015196,484.0913896771833,54714700,0.00732669303535917
2025-03-10,469.7523193359375,480.9215096966139,465.7079486891979,480.4047960555825,76668000,-0.03952732961962001
2025-03-11,468.62939453125,475.7939702022416,464.0683106107926,469.37467027626616,68760800,-0.0023933231521931345
2025-03-12,473.9158935546875,478.0297999193566,468.8182025802525,476.1417740872487,46971100,0.01121761367996255
2025-03-13,465.389892578125,473.27988043346534,463.4919201519314,473.25007061840876,46563300,-0.018154333269607012
2025-03-14,476.6386413574219,477.5329662224829,470.13982810737366,470.7460015069771,43563000,0.023883105579198587
2025-03-17,479.72900390625,482.77967314656735,474.7903088976975,476.5889052181335,41744400,0.006462730771709596
2025-03-18,471.5508728027344,476.5889137375583,469.4342848576123,476.39019173623467,39072300,-0.0171943773628704
2025-03-19,477.8608703613281,482.27287473503395,471.87877115950045,473.8065534525706,40430300,0.0132926320226134
2025-03-20,476.24114990234375,481.4978063463737,473.1805338469725,473.8761366755608,36780500,-0.003395280547752013
2025-03-21,477.8111877441406,478.5763266010879,469.93114605028205,471.0937592442753,42234900,0.0032913063511417415
2025-03-24,488.29644775390625,489.1423592971704,482.0665930507614,485.39050030859886,34567200,0.021707046583332293
2025-03-25,491.08294677734375,491.2421796862816,488.05761261924056,489.022941249908,26035200,0.005690351579622111
2025-03-26,482.04669189453125,490.7843964317407,480.49420901971564,489.92852335581483,34627100,-0.018572067390751842
2025-03-27,479.3000183105469,484.2361173499164,477.9366224976435,480.08622136250784,33469800,-0.005714236141103434
2025-03-28,466.6810607910156,478.20526514414263,465.79533345257164,477.4986938052008,46363800,-0.026680673356536545
2025-03-31,466.6611633300781,467.5966072840796,455.12696717610356,459.6948832614754,53000300,-4.263701014754066e-05
2025-04-01,470.4229736328125,471.3484864500327,462.18286035410387,465.04896162318204,41156200,0.008028799895399204
2025-04-02,473.8562927246094,477.2498697785152,463.61585302345657,463.8746102747231,49894500,0.007271861923885339
2025-04-03,448.4891052246094,457.8537794541511,447.9716210778618,454.24126086225453,70456300,-0.05501970620099015
2025-04-04,420.6339416503906,438.2486595831719,420.6339416503906,436.0294213013578,117088400,-0.06412143143699196
2025-04-07,421.6490478515625,441.0053675205171,400.4516641030583,406.6914499899583,161557000,0.0024103696864225623
2025-04-08,414.0557861328125,441.0053554988176,407.81600041600757,436.0493338288811,101248100,-0.018172614008768694
2025-04-09,463.7552185058594,465.5763897991723,413.4288133631856,413.56815354318593,142876900,0.11335615284061376
2025-04-10,444.0306701660156,453.39534429067385,430.54595489590434,451.37512434983404,108384100,-0.04346322970414789
2025-04-11,452.21112060546875,453.5944394661005,439.2040723268698,442.5080869674275,52483800,0.018255514772405335
2025-04-14,455.2762756347656,462.80978696729005,450.4496325846052,462.2226327115798,43941200,0.006755282107980926
2025-04-15,455.7838134765625,460.15268105084914,453.9526805576148,456.33118230210107,35404200,0.001114169966101011
2025-04-16,442.04034423828125,450.4396905530406,435.6512868687369,446.86698749756175,48980600,-0.030617449374050927
2025-04-17,441.96075439453125,445.5931660897692,439.23393245815055,445.0159733415272,44837000,-0.00018006729649582573
2025-04-21,431.02362060546875,436.9648633110088,425.86858083880827,436.1189822025886,44149300,-0.02505819438187257
2025-04-22,442.33892822265625,445.42397106891866,435.5119573980011,436.7061890853483,52304400,0.025913501374769193
2025-04-23,452.3703308105469,461.14785116525866,450.6984308488603,455.9629568263105,55801100,0.022424766162825568
2025-04-24,465.0987243652344,465.4072286279397,453.6341981671536,454.28109133466916,45956100,0.027748533186878456
2025-04-25,470.28363037109375,470.81107609503925,463.1481859616907,464.72056158591084,38697100,0.011086288049104274
2025-04-28,470.1343688964844,472.5228018406058,463.7850969803822,470.75137745023704,33550800,-0.0003174364505549978
2025-04-29,473.23931884765625,474.1250461983433,467.32793004665405,467.9051531308386,30613100,0.00658267493226727
2025-04-30,473.1795959472656,474.90127322951986,460.2024029412006,464.87977453427817,46810600,-0.00012620817174354294
2025-05-01,479.35968017578125,484.83318599096134,478.4242058431775,481.08135748377987,43316500,0.01297620182391274
2025-05-02,486.4752197265625,488.54521706431206,482.49448832227375,484.1962728644179,39218100,0.014734750816403313
2025-05-05,483.5892333984375,486.67430655244186,481.7680620014255,482.2656534659239,28309500,-0.005950109466225922
2025-05-06,479.09100341796875,482.71345338039805,475.88651326591844,477.2499089792982,32786300,-0.00934528942409339
2025-05-07,480.97186279296875,483.4598199362607,474.4832814966688,479.75773849221946,38006300,0.0039182054581924294
2025-05-08,485.9378662109375,490.32662643958486,481.8377175267332,486.1767003880921,39577600,0.010271997341921666
2025-05-09,485.6194152832031,489.17222563016486,483.8579524315384,487.8486153265174,27767400,-0.0006555474292755615
2025-05-12,505.40362548828125,505.44344130675324,499.0643154796623,504.5477524292731,45090600,0.039932147435639866
2025-05-13,513.1063842773438,514.8977013705513,505.97090943590337,506.707335072133,53269600,0.01512583199903898
2025-05-14,516.1814575195312,516.7287959644325,513.2655789214306,514.2806849131285,47014500,0.005975165092443742
2025-05-15,516.7487182617188,519.4158011315517,512.6883550423395,514.0318883953613,50153300,0.001098352652513144
2025-05-16,518.997802734375,519.1868899000237,514.6090124784221,518.1518608917828,48394600,0.004342931329376914
2025-05-19,519.4954223632812,520.0129368955124,511.76283198638407,511.76283198638407,52536200,0.000958349375741638
2025-05-20,517.7637939453125,518.4205878915068,514.171137741155,516.967599082951,42517600,-0.003338856863202988
2025-05-21,510.5686340332031,520.4806779894516,508.77731688816084,513.7831162356644,71292800,-0.013994068722034503
2025-05-22,511.5240173339844,515.2161678084017,509.8321942334835,511.18562841742636,55607200,0.0018694657040158455
2025-05-23,506.78692626953125,509.37440786318274,503.14455323986806,503.74166904926017,58368100,-0.009303887511557737
2025-05-27,518.7091674804688,519.1968580915909,512.1111611741854,513.6636439652767,47226300,0.02325270366875943
2025-05-28,516.4102783203125,521.1573196978349,515.8928245699911,519.6645455027536,46637200,-0.004441792585669779
2025-05-29,517.4254150390625,523.943850597734,514.8280023627366,523.7946096140164,58513300,0.0019638266535384886
2025-05-30,516.609375,518.1718194248762,509.46396914496165,516.937802360934,67662800,-0.0015783612240807584
2025-06-02,520.689697265625,520.9285314569356,513.4845216279213,514.7484234216115,44762800,0.007867245657825187
2025-06-03,524.7598876953125,526.192953382638,520.172109482974,521.0379136751978,44070300,0.007786527543477289
2025-06-04,526.2228393554688,527.2876922621837,523.4362788655679,525.4664906934179,41359300,0.002783970787311622
2025-06-05,522.261962890625,530.4821825867151,520.1422186545674,527.6260127928042,61031200,-0.007555465369796247
2025-06-06,527.3672485351562,529.2381970448477,525.6655248338539,527.446880166096,42467000,0.009727865514616076
2025-06-09,528.1436157226562,529.7856311828058,526.4617540692666,527.5863156876297,33688700,0.001471074062424967
2025-06-10,531.6366577148438,532.3233363181573,526.342277608641,528.6112629449328,40664800,0.006592035592448056
2025-06-11,529.8452758789062,534.1942808270467,527.5563674659288,533.039834702878,53701000,-0.003375250166599798
2025-06-12,531.0892944335938,532.0646150066514,528.2829320298816,528.5317277617894,34104900,0.002345138257606962
2025-06-13,524.4215698242188,529.3078908293887,523.1974536303323,525.1380723113464,55814400,-0.01263428644775486
2025-06-16,531.7162475585938,532.7910620936354,527.8947792535579,527.9445262501218,37622100,0.013814094367364577
2025-06-17,526.5313720703125,530.7608992855103,525.366964373918,529.1487078886557,42180900,-0.009799061921586989
2025-06-18,526.4417724609375,529.9846210200801,524.8594657253662,527.5464108599048,43983500,-0.00017018403566432334
2025-06-20,524.292236328125,530.989797962704,522.3516174800588,529.6960723110417,61643500,-0.004091500062815386
2025-06-23,529.6832275390625,530.2012624901581,521.7128229011945,524.8611059770333,50666100,0.010229912194552533
2025-06-24,537.783203125,538.6997827118523,534.2861780549605,534.90387960364,45442000,0.015176366805758762
2025-06-25,539.157958984375,541.3000294115662,537.3845756916884,540.0546537700266,44804200,0.002553076536561451
2025-06-26,544.1992797851562,544.6476272131085,539.5167156535897,541.339901952907,43811400,0.00930691559477312
2025-06-27,546.0623779296875,547.9553124291843,542.5254624415982,545.2354314727291,57577100,0.0034177116013935625
2025-06-30,549.5992431640625,550.7549250315776,546.9789678853869,549.2206440950201,45548700,0.006456149328470696
2025-07-01,544.9664306640625,548.6727003482655,542.6450333450836,547.6962844543337,56166700,-0.008465166185971965
2025-07-02,548.7623291015625,548.9616013728256,544.099649838931,544.1394799694398,36538300,0.006941234093660584
2025-07-03,554.1622924804688,555.1387084222483,551.1335605372531,551.1335605372531,26443500,0.009792158814384408
2025-07-07,549.9878540039062,552.2893059767699,547.5469053516296,551.4723321808171,45349300,-0.007561396209012183
2025-07-08,550.2966918945312,551.9604968449189,549.0612280892235,551.3328226115977,36153300,0.0005613782359973233
2025-07-09,554.1921997070312,555.5670993773455,551.0538285444961,552.4287282148103,43045500,0.007053984870394073
2025-07-10,553.3952026367188,555.2383344969288,550.7051787469096,554.8298779906593,34710900,-0.001439159033745371
2025-07-11,552.1497802734375,553.733864104168,550.0077097543851,551.2530854493318,39618600,-0.002253047880222565
2025-07-14,554.1524047851562,554.8896575344722,549.5893307950605,551.9405857278426,36453300,0.00362039725886451
2025-07-15,554.660400390625,558.7253235687808,554.6006247913591,558.177370440617,43277700,0.0009162874718609827
2025-07-16,555.2283325195312,558.1375740177878,549.519549612121,555.2184205935204,52314700,0.0010234038091116618
2025-07-17,559.7216186523438,560.229741645841,555.1486333295833,555.9556343165032,40423800,0.008060111494224491
2025-07-18,559.1836547851562,562.6407884950407,557.9083608963978,561.0367592084838,50484700,-0.0009615897277655336
2025-07-21,562.0828857421875,563.9659084478778,559.9807060956166,560.0106243017523,39595200,0.005171361693961275
2025-07-22,559.1737060546875,562.2622135594852,556.5434579032301,562.212410691865,43270600,-0.005189153378117551
2025-07-23,561.7242431640625,561.7640732969975,557.5099110527195,560.2597104593184,40215300,0.004550889780965668
2025-07-24,562.9197387695312,564.1451688896942,561.2060703387892,563.0392899612859,42275500,0.0021259991161006577
2025-07-25,564.2747192382812,565.5998159531918,562.1825124752501,562.8400440606903,30630800,0.0024041656907985375
2025-07-28,566.0382690429688,566.9349031473512,564.7729477514129,565.639724456999,31498700,0.0031204653118022964
2025-07-29,565.1614990234375,569.9935327032099,564.434219030358,568.6485511909246,45463300,-0.0015501597858401618
2025-07-30,565.9186401367188,568.508997161805,562.9595959750744,566.0780214636062,43433800,0.0013387932475465588
2025-07-31,562.9197387695312,572.5041444344463,561.7839416385068,572.4144506359528,64613600,-0.005313264464307265
2025-08-01,551.8309936523438,556.951993446216,549.6391201209816,556.7626938955674,69400800,-0.019895229587494553
2025-08-04,562.0131225585938,562.2323403030458,556.8822111512052,556.9818168836358,47669800,0.018283370891934277
2025-08-05,558.1973266601562,564.4640352064246,557.6592854470431,563.2983805936119,48666600,-0.0068126674937790425
2025-08-06,565.2212524414062,565.6596271290572,558.5559991276681,559.0342039471559,41823700,0.012504719857980925
2025-08-07,567.1340942382812,571.1990173575662,563.0193682552224,569.5550971875249,44463000,0.003378521807628995
2025-08-08,572.4244995117188,572.6437172653317,568.0408133424522,568.3396913615944,35255500,0.009285074608191082
2025-08-11,570.730712890625,574.6661119984625,569.4554798808987,572.5639325532171,33112900,-0.0029633558806593453
2025-08-12,577.9041137695312,578.2029917684722,570.372084149425,573.0321895540377,42143300,0.01249046950945093
2025-08-13,578.193115234375,581.1620715545174,576.7982700747931,580.6041456525571,41209300,0.0004999604940021791
2025-08-14,577.7447509765625,579.7273793774012,575.7720345015408,576.1407216563158,45425000,-0.000775758444124198
2025-08-15,575.2042236328125,577.6949751695009,573.4407520858407,577.6550842269212,49480200,-0.004407014553971541
2025-08-18,574.9750366210938,575.6326290840033,573.1119593251236,574.3075322318431,29831000,-0.00039852399129763525
2025-08-19,567.1740112304688,574.4270476767487,566.1477924665415,574.2576936083949,53752600,-0.013660470525039325
2025-08-20,563.8065185546875,566.3470728538312,556.7726389420532,566.2275216498264,76781100,-0.005955014323671972
2025-08-21,561.1962280273438,564.3943140175195,558.9046880126308,562.2622161511607,46436900,-0.00464051349122207
2025-08-22,569.85400390625,571.8665505027725,561.186237654488,562.5810219572568,51502100,0.015309567580035764
2025-08-25,568.210205078125,571.1691888777926,567.0544622483576,568.289926158301,34044700,-0.0028887649014316644
2025-08-26,570.4915771484375,570.8004278507278,566.6956749257416,567.7218935616645,34103000,0.0040069755898665144
2025-08-27,571.368408203125,572.2849877073902,568.2599552674767,569.4754735923461,36927100,0.001535794647823587
2025-08-28,574.9451293945312,575.8617088595212,570.3422257905413,571.9860851866184,46787900,0.0062404092446850835
2025-08-29,568.2898559570312,572.9027323513419,566.4366907257225,572.5340452045847,56030400,-0.011643010763045355
2025-09-02,563.527587890625,563.8762688061983,557.4700627066655,559.2335343759405,65876800,-0.008415307957215352
2025-09-03,567.9610595703125,569.585034325084,564.6333889904666,567.1241403555323,54230200,0.007836568892801215
2025-09-04,573.1019287109375,573.4705550386212,566.9249141338813,568.6285491052419,47526300,0.009010727675887458
2025-09-05,573.9288940429688,578.9701724080204,569.4156841594208,578.3424981949754,68342500,0.0014419237197609777
2025-09-08,576.728515625,578.6912594012136,575.6326093036281,576.2303653317651,46371400,0.00486613492934096
2025-09-09,578.3624267578125,578.7908286858918,574.9052323196163,577.5255075617649,44007600,0.0028290624791937487
2025-09-10,578.5517578125,581.6104078841153,576.4096872460331,581.5804896782814,49308000,0.0003273035440359341
2025-09-11,581.9192504882812,582.7162787776647,579.4683292093007,581.0823312583443,44745800,0.005803681615277243
2025-09-12,584.4896850585938,585.6852579441866,581.939157947032,582.8756829463206,50745900,0.0044074400546495205
2025-09-15,589.4910888671875,589.6006673309763,586.1136154844122,586.263084887294,44360300,0.008520470143072816
2025-09-16,588.992919921875,590.6666974580144,588.3054701472681,590.417622334017,36942100,-0.0008454403645194573
2025-09-17,587.8173217773438,589.560847731768,582.2081448420756,588.9132280535239,69384800,-0.0019979406941483258
2025-09-18,593.11767578125,595.9272507480725,590.7664209781601,592.7091584852494,61069300,0.008976598384148765
2025-09-19,597.1326904296875,597.83011295333,593.6456386208329,595.1202047360832,58196100,0.0067465299591487875
2025-09-22,600.667724609375,601.3360027595129,596.1990824942005,596.2190510860968,57154800,0.005902560057156402
2025-09-23,596.6779174804688,601.0367933292055,595.4609900615409,600.8372900448078,64635500,-0.006664444678056771
2025-09-24,594.583251953125,598.3736318933126,591.8502333814113,598.0544387994095,49850300,-0.0035167228478133047
2025-09-25,592.0198364257812,593.6057566967052,587.0026056631178,590.6932034651784,70920200,-0.0043206014549962745
2025-09-26,594.4535522460938,594.7827296224774,589.5560723046866,592.8376791327265,54337400,0.004102442173319647
2025-09-29,597.20654296875,600.5181027058711,595.8898943349653,597.5855809487724,48332900,0.004620437709346346
2025-09-30,598.8424072265625,599.1815689140329,594.5832523790604,596.9073409482912,46533800,0.0027354487081807433
2025-10-01,601.7150268554688,602.2536309055715,594.8226361779185,595.6504804045827,46899600,0.004785485524438967
2025-10-02,604.188720703125,605.6150748101588,601.3958573858611,605.5153536087707,43765400,0.004102644713341661
2025-10-03,601.645263671875,605.7847287787447,599.859840058186,604.9668078782124,46482100,-0.004218592005638049
2025-10-06,606.1636962890625,607.8094613156995,604.4280726015548,606.9018036091138,41962100,0.007482066859813396
2025-10-07,602.9718627929688,608.1586438162234,601.4956480641417,607.4703970532165,58209500,-0.0052795418778261655
2025-10-08,609.8842163085938,610.193425090037,603.7199483921797,603.869530194898,50629800,0.011398596217511017
2025-10-09,609.1461181640625,610.0537759298148,605.9342796270852,609.9241018375851,45551000,-0.0012109595862478501
2025-10-10,588.0000610351562,611.6198017284072,587.5511938507611,609.8443624637231,97614800,-0.03533111853495656
2025-10-13,600.4782104492188,601.415821078074,595.7103438165695,598.1541220292103,65872600,0.020999303481887274
2025-10-14,596.4784545898438,601.1565238344467,588.628483812035,593.7952965646048,69203200,-0.006683234011422824
2025-10-15,600.6876831054688,605.1563255984365,594.4137092888615,602.4731675952409,62805500,0.007032016239585387
2025-10-16,598.46337890625,606.7622168482491,593.9848129790577,603.5703467351942,70982000,-0.003709802410565925
2025-10-17,602.393310546875,603.9693073296388,594.8525491800316,596.4285459627954,72024900,0.006545236754772689
2025-10-20,609.9839477539062,611.2407514930889,605.5253506485595,605.5951798429426,45761700,0.012522069909412088
2025-10-21,609.8244018554688,611.1609582497778,607.7696457807522,610.0837500489531,44538200,-0.0002615917482421227
2025-10-22,603.9493408203125,609.8542605281881,598.2139715066553,609.2657958565487,61478800,-0.00968072831209264
2025-10-23,609.0264282226562,609.8143961922938,602.9818500103868,603.3708114071275,42844300,0.008371341261387805
2025-10-24,615.52978515625,616.8464337655934,613.5648269782704,614.4226241256162,47632500,0.010621673394475997
2025-10-27,626.4918823242188,626.9506729134798,622.4422152319877,622.930958710038,54098600,0.017652480809064255
2025-10-28,631.3095703125,633.0651018787079,627.648925370604,628.7560864561588,61195700,0.0076605278808250495
2025-10-29,634.15234375,635.3891789092543,628.6463695521778,633.9728090539653,67422800,0.004492870449753416
2025-10-30,624.45703125,631.8880872300178,624.3473257513068,630.5614543099158,61628600,-0.015406693244326393
2025-10-31,627.4694213867188,632.5863736464859,625.0954721134605,632.5564207552092,66305100,0.004812416806311901
2025-11-03,630.4716796875,634.2021534587442,628.2473125587718,633.4939381480045,37154300,0.004773298207041867
2025-11-04,617.67431640625,625.3547359077402,616.8863484805083,621.6940912807667,63830800,-0.02050691472772997
2025-11-05,621.6941528320312,625.0056518350635,615.6395900613109,616.9163015661201,48688500,0.006486933663193192
2025-11-06,610.1136474609375,620.4572571227977,608.7471381645778,620.2078932237561,72115100,-0.018803008975921322
2025-11-07,608.1885375976562,608.3980251800011,597.1466973484642,606.7621834660789,81835400,-0.0031603184975974147
2025-11-10,621.6442260742188,622.7214951546598,615.3203917446493,617.3451949289606,55919900,0.021883016660812563
2025-11-11,619.9884643554688,621.1355017301039,615.9487814833327,618.9910087880348,44868800,-0.002667073302762832
2025-11-12,619.4996948242188,623.2700450530867,616.2379957742788,623.2501373408774,47444400,-0.0007886635349668952
2025-11-13,606.8519897460938,616.5472286099415,604.5378855310528,615.9686873362173,71333600,-0.020627286095403215
2025-11-14,607.310791015625,611.7893568378086,595.6505328274214,598.0244819828539,80087300,0.0007557492267729736
2025-11-17,602.1240234375,610.9215891749508,598.3436886131177,604.7573208445992,63850400,-0.008577228495181513
2025-11-18,594.7926635742188,600.7773963408275,589.8353391548725,598.0942387152705,83327300,-0.012250562852396214
2025-11-19,598.3436279296875,604.6176011290698,593.0770945294743,595.5507646962523,73111500,0.005952337323179684
2025-11-20,584.1797485351562,612.4676329241026,583.262106516965,610.0637310644662,117743200,-0.023956493501141027
2025-11-21,588.568603515625,595.4609945768989,579.2623261905873,585.9751825584982,103344200,0.007484769366012803
2025-11-24,603.6201782226562,605.1363301511908,593.6456226504143,593.7653733267485,60168100,0.025251662702624453
2025-11-25,607.3407592773438,608.7072685888149,595.8001905964915,601.9744432402352,57560900,0.0061448600804155625
2025-11-26,612.70703125,614.6221288317284,608.8368989020178,610.9514997668095,42393600,0.008796879302697954
2025-11-28,617.67431640625,617.7441455966097,613.8540448070679,614.5422915350683,23034400,0.008074426929661215
2025-12-01,615.599609375,617.8638528985133,610.961477711232,612.0686387329198,40957600,-0.003364555019057123
2025-12-02,620.4172973632812,622.1628444217793,616.0185455630003,617.8837824065502,54541800,0.00779554447802998
2025-12-03,621.9334716796875,622.6316418245013,616.4574507356939,618.0433708850139,47841600,0.0024408164053413
2025-12-04,621.35498046875,623.3498916256304,617.9636071501104,623.339907329069,47067800,-0.0009305825236047842
2025-12-05,623.8884887695312,627.3197383563271,622.1230338136666,622.7913119974152,53614200,0.004069102724247343
2025-12-08,622.6915283203125,627.2399228158015,620.1080918729878,625.6140655337878,43462400,-0.0019203914721323337
2025-12-09,623.4595336914062,624.2774544880871,619.4198511857304,621.4247464351753,37156000,0.001232604122794925
2025-12-10,626.0130615234375,627.6090269272694,619.4099106697121,622.2626189242517,55031400,0.00408737478017622
2025-12-11,623.98828125,624.1877845427603,616.148234091509,622.2327496814814,58272800,-0.003239647790837473
2025-12-12,612.0586547851562,621.9533965533452,609.8043955563878,620.497150448988,75158700,-0.019303469072931075
2025-12-15,608.9865112304688,616.8464661142882,607.7696446385382,616.7966055109866,49538200,-0.005032000654318463
2025-12-16,610.1934204101562,611.9489518835392,605.3657088583533,606.7123103516171,55152800,0.001979871129127266
2025-12-17,598.8822631835938,612.0886258751325,598.7526499708691,611.5001003103562,70654300,-0.018710966371063256
2025-12-18,607.5601196289062,611.3704070362718,605.375689596093,608.248366375679,78875800,0.01438610949454393
2025-12-19,615.47998046875,616.0485374798797,610.313167643226,610.392981139488,60369800,0.012951286785452345
2025-12-22,618.4302368164062,620.8671665076671,616.9920478025754,620.5674955378034,43703100,0.004781971862048902
2025-12-23,621.3265380859375,621.6261480926279,617.0020349130734,617.42148892244,41120400,0.0046723786427916355
2025-12-24,623.144287109375,623.4938829346665,620.9370481838333,621.2067276835874,18468700,0.0029213225081327495
2025-12-26,623.1043090820312,624.7322611929134,622.3552536061636,623.873297918951,28959800,-6.415738798761732e-05
2025-12-29,620.088134765625,621.995763643064,617.9508150333834,619.3190849184411,32458300,-0.004852314296638911
2025-12-30,618.64990234375,621.3964390816567,618.4401448660525,619.0594201394988,31226800,-0.0023220939779831596
2025-12-31,613.536376953125,619.1792861072609,613.2766946262738,618.8696789386981,40746500,-0.008299970275916396
2026-01-02,612.347900390625,622.0656280105537,609.381669736326,619.2791633693975,61859200,-0.001938970842216345
2026-01-05,617.2117309570312,620.0281869343077,615.9433108116908,618.5400731036631,46828400,0.007911541355641635
2026-01-06,622.6348876953125,623.2341686687002,617.7610283782293,618.4501618747352,43137500,0.008748164882668597
2026-01-07,623.2341918945312,627.1492383750701,621.7760085257346,622.2553845556755,44880300,0.0009620661677244327
2026-01-08,619.6885986328125,622.6348958217857,617.0219780933957,622.2454332860368,50435900,-0.005705266499539128
2026-01-09,625.86083984375,627.0992684709724,618.280371644388,620.6273877403378,49688700,0.009910954224034624
2026-01-12,626.3801879882812,628.0580650499223,621.4763979710708,621.5263228144307,37388700,0.0008294699866321966
2026-01-13,625.4513549804688,628.6772678768714,622.9145755930199,626.4800871429724,44481400,-0.0014839587378681312
2026-01-14,618.769775390625,622.6648884214621,613.7860691564842,621.4563902550666,72598700,-0.01074028346788367
2026-01-15,620.9970092773438,629.206628407055,619.9682771169513,625.8108857116995,53934900,0.003592992343913918
2026-01-16,620.4776611328125,625.2915986535979,618.1006533744517,624.7123119754499,61058100,-0.0008366633443358198
2026-01-20,607.2942504882812,614.2854351912486,606.2855126563834,609.7611716460692,81988900,-0.02147616707395802
2026-01-21,615.50390625,619.6386461402016,607.0944662344775,608.7024240227943,79837900,0.013427856545581478
2026-01-22,619.978271484375,621.6761428244047,617.0020437780021,621.5662350217955,42254800,0.007243139361411499
2026-01-23,621.935791015625,624.612469784726,617.8709699342951,618.949566020391,43645800,0.0031524261001239506
2026-01-26,624.67236328125,626.81961915323,621.3365426117721,622.425196766994,35983000,0.004390436003521979
2026-01-27,630.335205078125,631.2440322678261,626.5499998769385,628.1179690883873,38997200,0.009024455902564647
2026-01-28,632.4225463867188,635.7982947738302,631.014348844542,634.6597767228699,50691700,0.0033060073594277984
2026-01-29,628.6373291015625,632.8719797654484,617.4914101080947,631.8533057393616,79944000,-0.006003249689694161
2026-01-30,621.0868530273438,627.4688205124429,618.5200822009824,624.9220440060533,65650700,-0.012083575006611
2026-02-02,625.3515014648438,627.6985176699922,617.8808797571519,617.9208683974972,49020300,0.006842961889822125
2026-02-03,615.7435913085938,629.1866011443993,610.1905958568021,627.5087242048245,81234000,-0.01548326498855792
2026-02-04,604.9871826171875,614.3253838343164,599.7138024298947,614.2455284678144,81850700,-0.017623356952960516
2026-02-05,596.2781982421875,604.0483693053457,594.0110373128413,599.4541864003901,89354500,-0.014499938316045265
2026-02-06,608.8822631835938,610.6399955270392,598.0159600076653,599.434154665902,78019300,0.020917587180192602
2026-02-09,613.54638671875,615.6837064208919,604.3080353554789,606.7748955946631,56797600,0.007630950352336267
2026-02-10,610.699951171875,616.2430108652889,610.2405694597212,614.5351423104305,53938900,-0.0046501109914586225
2026-02-11,612.337890625,616.7423712103644,606.9247331463698,615.6037921922693,58575100,0.0026784787459514154
2026-02-12,599.8836059570312,615.0344847338599,598.8149461335121,613.9358943887876,81378900,-0.020548592694657492
2026-02-13,601.1619873046875,605.7162424752422,595.6689134343201,599.673873409497,69237500,0.002128781517703512
2026-02-17,600.542724609375,603.1894116444834,592.5927882610704,597.626419057608,69013800,-0.0010306404626511953
2026-02-18,605.027099609375,609.0021290003773,599.9634770047899,601.3517411914925,64250700,0.007439462389368636
2026-02-19,602.7100219726562,605.0570991965415,599.993476524114,602.0508799312083,60960800,-0.0038370609600061343
2026-02-20,608.0433349609375,609.581373723881,598.4753818004266,599.3642756707148,74127300,0.008809965222619162
2026-02-23,600.652587890625,607.2443127599432,598.2955745850619,605.8460514657053,63859100,-0.012229443391437474
2026-02-24,607.1044921875,608.2230768722754,598.9747284234804,601.6414099286677,55023700,0.010684210886763053
2026-02-25,615.9033813476562,616.053216829597,610.2305417280922,610.3004608891118,55710700,0.0143891812415329
2026-02-26,608.4727783203125,614.8148183820397,603.2193924504018,614.8148183820397,96178900,-0.012137927053256963
2026-02-27,606.5252075195312,607.5539396831472,601.4316544188312,602.2206376135266,68125200,-0.003205885921664653
2026-03-02,607.32421875,609.1518702196468,597.2369017749593,598.1058012495889,75264600,0.0013164916975326058
2026-03-03,600.8224487304688,603.1994564784976,591.1246545665933,595.5790600436336,97015500,-0.01076331700950698
2026-03-04,609.9808959960938,612.108218610738,602.6701065956436,603.3991678160902,70943900,0.01512817415472587
2026-03-05,608.1431274414062,611.9883154244911,601.5015388569162,606.6350803018902,89602400,-0.0030173773994566925
2026-03-06,598.9946899414062,605.2368188486739,597.5764953219963,599.5539822531658,86302300,-0.01515752803457713
2026-03-09,606.99462890625,608.5027370453225,590.5853272955466,593.4816386137257,93068200,0.013267209227262903
2026-03-10,607.004638671875,612.5176457382476,604.65756151405,607.0146358319374,64078900,1.6490562873494887e-05
2026-03-11,606.9247436523438,611.6587648578186,604.2681201890963,608.1831666985171,60114800,-0.00013163042399331792
2026-03-12,596.5078735351562,603.3792143506387,596.2981160455262,602.0009473234562,71836600,-0.017312361562994344
2026-03-13,592.9722900390625,602.8398528802119,591.8237748266745,598.9747313072235,63145500,-0.005944771534227172
2026-03-16,599.6239013671875,603.099499235842,598.3554812666724,599.2843027330098,49077200,0.011154958148102998
2026-03-17,602.5502319335938,605.1369970937805,601.1120429286618,602.3804630878033,47106600,0.0048684067726689805
2026-03-18,594.15087890625,602.400426051188,593.8112802396884,600.7325461165636,56128000,-0.014037742391865471
2026-03-19,592.273193359375,595.0496606380132,586.3406715242521,588.7676039624899,75597600,-0.0031652882952852507
2026-03-20,581.3269653320312,590.4254777892629,577.8113788279011,590.3156309505814,91964700,-0.018654642096117186
2026-03-23,588.0,595.0800170898438,585.9600219726562,590.52001953125,89936100,0.011413586288488877
2026-03-24,583.97998046875,587.9299926757812,581.9299926757812,584.8099975585938,57750900,-0.006860245677236822
2026-03-25,587.8200073242188,591.3699951171875,585.6900024414062,589.1400146484375,60475500,0.006554088823184412
2026-03-26,573.7899780273438,584.6300048828125,573.4299926757812,582.5999755859375,81492100,-0.02415735361822153
2026-03-27,562.5800170898438,571.02001953125,561.5700073242188,570.8099975585938,82702200,-0.019730060860553386
2026-03-30,558.280029296875,568.0499877929688,555.5999755859375,567.3800048828125,70602600,-0.007672695448329736
2026-03-31,577.1799926757812,578.6400146484375,564.2100219726562,564.2899780273438,95878000,0.0332934824576082
2026-04-01,584.3099975585938,587.739990234375,580.4199829101562,581.47998046875,79435100,0.012277496156567945
2026-04-02,584.97998046875,586.0499877929688,571.9199829101562,573.969970703125,50941700,0.0011459654937042319
2026-04-06,588.5,590.6099853515625,584.6900024414062,586.22998046875,35108500,0.00599930147498133
2026-04-07,588.5900268554688,588.97998046875,578.4000244140625,585.6400146484375,49948200,0.00015296511497040052
2026-04-08,606.0900268554688,609.9000244140625,602.1199951171875,608.7100219726562,63086000,0.029298642387632357
2026-04-09,610.1900024414062,610.5,603.030029296875,605.9299926757812,37837500,0.006741853876922751
2026-04-10,611.0700073242188,613.6699829101562,609.5800170898438,611.8400268554688,34038500,0.0014411428001932915
2026-04-13,617.3900146484375,626.739990234375,608.1099853515625,609.47998046875,32972100,0.010289407828256481
2026-04-14,628.5999755859375,628.5999755859375,620.0999755859375,620.219970703125,49921100,0.017994146816371247
2026-04-15,637.4000244140625,637.8300170898438,628.2000122070312,629.0800170898438,50102400,0.013902354761134352
2026-04-16,640.469970703125,642.1799926757812,635.260009765625,639.2100219726562,42320600,0.004804795803754312
2026-04-17,648.8499755859375,650.0,644.0700073242188,645.5900268554688,53488900,0.012999291467006022
2026-04-20,646.7899780273438,648.760009765625,642.52001953125,648.0399780273438,37138500,-0.0031798946747412455
2026-04-21,644.3300170898438,650.2000122070312,642.2100219726562,648.4099731445312,39580500,-0.0038105891373010924
2026-04-22,655.1099853515625,655.3300170898438,648.52001953125,650.1500244140625,37368400,0.016592094361584077
2026-04-23,651.4199829101562,656.9199829101562,645.52001953125,653.5499877929688,40099800,-0.005648568869053129
2026-04-24,663.8800048828125,664.510009765625,656.530029296875,658.510009765625,45563100,0.018946848370419652
2026-04-27,664.22998046875,664.4299926757812,660.6900024414062,663.4000244140625,32717000,0.0005270280291516697
2026-04-28,657.5499877929688,659.6400146484375,653.8099975585938,657.4099731445312,34147900,-0.01010765741307362
2026-04-29,661.5700073242188,661.719970703125,656.5900268554688,658.6300048828125,31724900,0.006095020909685223
2026-04-30,667.739990234375,668.9000244140625,657.5599975585938,665.3499755859375,40622200,0.00928305245525351
2026-05-01,674.1500244140625,675.969970703125,668.7999877929688,669.1599731445312,39172600,0.009553812706170681
2026-05-04,672.8800048828125,676.72998046875,668.9000244140625,674.6599731445312,34542000,-0.0018856593838988082
2026-05-05,681.6099853515625,682.77001953125,677.510009765625,677.9600219726562,37101100,0.012890610367278649
2026-05-06,695.77001953125,695.9299926757812,686.47998046875,687.780029296875,38778500,0.02056154874381172
2026-05-07,694.9400024414062,701.239990234375,691.77001953125,696.5800170898438,43779100,-0.0011936596059309423
2026-05-08,711.22998046875,711.22998046875,699.5,699.9199829101562,44320400,0.02317032366011302
2026-05-11,713.2899780273438,714.5900268554688,708.9099731445312,710.3599853515625,36019100,0.002892200958319374
2026-05-12,707.239990234375,710.1799926757812,696.6400146484375,708.219970703125,45873000,-0.00851798203255052
2026-05-13,714.7100219726562,716.6500244140625,704.8300170898438,709.9600219726562,40012500,0.01050683975440062
2026-05-14,719.7899780273438,722.030029296875,714.219970703125,714.6199951171875,33209400,0.007082575517746344
2026-05-15,710.5900268554688,712.6599731445312,705.5499877929688,710.10498046875,15080460,-0.012863823607545241
